-- phpMyAdmin SQL Dump
-- version 5.2.1
-- https://www.phpmyadmin.net/
--
-- Host: 127.0.0.1:3306
-- Generation Time: Jan 03, 2024 at 02:54 PM
-- Server version: 10.6.15-MariaDB-cll-lve
-- PHP Version: 7.2.34

SET SQL_MODE = "NO_AUTO_VALUE_ON_ZERO";
START TRANSACTION;
SET time_zone = "+00:00";


/*!40101 SET @OLD_CHARACTER_SET_CLIENT=@@CHARACTER_SET_CLIENT */;
/*!40101 SET @OLD_CHARACTER_SET_RESULTS=@@CHARACTER_SET_RESULTS */;
/*!40101 SET @OLD_COLLATION_CONNECTION=@@COLLATION_CONNECTION */;
/*!40101 SET NAMES utf8mb4 */;

--
-- Database: `u739235026_pwise`
--

-- --------------------------------------------------------

--
-- Table structure for table `account_type`
--

CREATE TABLE `account_type` (
  `id` int(11) NOT NULL,
  `name` varchar(255) NOT NULL
) ENGINE=InnoDB DEFAULT CHARSET=utf8mb4 COLLATE=utf8mb4_general_ci;

--
-- Dumping data for table `account_type`
--

INSERT INTO `account_type` (`id`, `name`) VALUES
(1, 'Admin'),
(3, 'Member'),
(2, 'Personal');

-- --------------------------------------------------------

--
-- Table structure for table `activity_logs`
--

CREATE TABLE `activity_logs` (
  `id` int(11) NOT NULL,
  `type` varchar(255) DEFAULT NULL,
  `activity` text DEFAULT NULL,
  `table_name` varchar(255) DEFAULT NULL,
  `table_id` int(11) DEFAULT 0,
  `created_by` int(11) DEFAULT 0,
  `created` timestamp NOT NULL DEFAULT current_timestamp(),
  `archived` bit(1) NOT NULL DEFAULT b'0'
) ENGINE=InnoDB DEFAULT CHARSET=utf8mb4 COLLATE=utf8mb4_general_ci;

--
-- Dumping data for table `activity_logs`
--

INSERT INTO `activity_logs` (`id`, `type`, `activity`, `table_name`, `table_id`, `created_by`, `created`, `archived`) VALUES
(1, 'CYCLE STARTED', ' has been a new cycle for the month of November 2023.', 'cycle', 1, 1, '2023-11-02 10:08:16', b'0'),
(2, 'ADD BUDGET', ' has been added to the budget.', 'budgets', 1, 1, '2023-11-02 10:08:20', b'0'),
(3, 'ADD BUDGET', ' has been added to the budget.', 'budgets', 2, 1, '2023-11-02 10:44:59', b'0'),
(4, 'CYCLE STARTED', ' has been a new cycle for the month of November 2023.', 'cycle', 2, 1, '2023-11-02 18:12:29', b'0'),
(5, 'CYCLE STARTED', ' has been a new cycle for the month of November 2023.', 'cycle', 3, 1, '2023-11-08 02:20:55', b'0'),
(6, 'ADD BUDGET', ' has been added to the budget.', 'budgets', 3, 1, '2023-11-08 02:26:31', b'0'),
(7, 'CYCLE STARTED', ' has been a new cycle for the month of November 2023.', 'cycle', 4, 1, '2023-11-08 02:54:37', b'0'),
(8, 'CYCLE STARTED', ' has been a new cycle for the month of November 2023.', 'cycle', 5, 1, '2023-11-08 02:54:52', b'0'),
(9, 'ADD BUDGET', ' has been added to the budget.', 'budgets', 4, 1, '2023-11-08 02:55:00', b'0'),
(10, 'CYCLE STARTED', ' has been a new cycle for the month of November 2023.', 'cycle', 6, 1, '2023-11-08 03:41:52', b'0'),
(11, 'CYCLE STARTED', ' has been a new cycle for the month of November 2023.', 'cycle', 7, 1, '2023-11-08 03:42:31', b'0'),
(12, 'ADD BUDGET', ' has been added to the budget.', 'budgets', 5, 1, '2023-11-08 03:42:54', b'0'),
(13, 'CYCLE STARTED', ' has been a new cycle for the month of November 2023.', 'cycle', 8, 1, '2023-11-11 12:44:06', b'0'),
(14, 'ADD BUDGET', ' has been added to the budget.', 'budgets', 6, 1, '2023-11-11 12:44:16', b'0'),
(15, 'CYCLE STARTED', ' has been a new cycle for the month of November 2023.', 'cycle', 9, 1, '2023-11-11 12:46:45', b'0'),
(16, 'ADD BUDGET', ' has been added to the budget.', 'budgets', 7, 1, '2023-11-11 12:47:31', b'0'),
(17, 'CYCLE STARTED', ' has been a new cycle for the month of November 2023.', 'cycle', 10, 1, '2023-11-13 19:12:20', b'0'),
(18, 'ADD BUDGET', ' has been added to the budget.', 'budgets', 8, 1, '2023-11-13 19:12:24', b'0'),
(19, 'ADD BUDGET', ' has been added to the budget.', 'budgets', 9, 1, '2023-11-13 19:12:55', b'0'),
(20, 'ADD BUDGET', ' has been added to the budget.', 'budgets', 10, 1, '2023-11-13 19:29:08', b'0'),
(21, 'ADD BUDGET', ' has been added to the budget.', 'budgets', 11, 1, '2023-11-13 19:32:27', b'0'),
(22, 'CYCLE STARTED', ' has been a new cycle for the month of November 2023.', 'cycle', 11, 1, '2023-11-18 06:22:13', b'0'),
(23, 'ADD BUDGET', ' has been added to the budget.', 'budgets', 12, 1, '2023-11-18 06:22:28', b'0'),
(24, 'CYCLE STARTED', ' has been a new cycle for the month of November 2023.', 'cycle', 12, 1, '2023-11-18 06:34:52', b'0'),
(25, 'ADD BUDGET', ' has been added to the budget.', 'budgets', 13, 1, '2023-11-18 06:34:57', b'0'),
(26, 'CYCLE STARTED', ' has been a new cycle for the month of November 2023.', 'cycle', 13, 1, '2023-11-18 08:54:03', b'0'),
(27, 'ADD BUDGET', ' has been added to the budget.', 'budgets', 14, 1, '2023-11-18 08:54:09', b'0'),
(28, 'CYCLE STARTED', ' has been a new cycle for the month of November 2023.', 'cycle', 14, 16, '2023-11-18 15:44:16', b'0'),
(29, 'ADD BUDGET', ' has been added to the budget.', 'budgets', 15, 16, '2023-11-18 15:44:30', b'0'),
(30, 'CYCLE STARTED', ' has been a new cycle for the month of November 2023.', 'cycle', 15, 16, '2023-11-18 16:55:01', b'0'),
(31, 'ADD BUDGET', ' has been added to the budget.', 'budgets', 16, 16, '2023-11-18 16:55:43', b'0'),
(32, 'CYCLE STARTED', ' has been a new cycle for the month of November 2023.', 'cycle', 16, 16, '2023-11-18 17:12:58', b'0'),
(33, 'ADD BUDGET', ' has been added to the budget.', 'budgets', 17, 16, '2023-11-18 17:27:04', b'0'),
(34, 'CYCLE STARTED', ' has been a new cycle for the month of November 2023.', 'cycle', 17, 16, '2023-11-18 17:38:57', b'0'),
(35, 'ADD BUDGET', ' has been added to the budget.', 'budgets', 18, 16, '2023-11-18 17:39:20', b'0'),
(36, 'CYCLE STARTED', ' has been a new cycle for the month of November 2023.', 'cycle', 18, 16, '2023-11-19 05:58:16', b'0'),
(37, 'ADD BUDGET', ' has been added to the budget.', 'budgets', 19, 16, '2023-11-19 05:58:25', b'0'),
(38, 'CYCLE STARTED', ' has been a new cycle for the month of November 2023.', 'cycle', 19, 17, '2023-11-19 06:05:55', b'0'),
(39, 'ADD MEMBER', ' has been added as a new member.', 'users', 19, 18, '2023-11-19 07:15:58', b'0'),
(40, 'ADD MEMBER', ' has been added as a new member.', 'users', 20, 18, '2023-11-19 07:16:23', b'0'),
(41, 'CYCLE STARTED', ' has been a new cycle for the month of November 2023.', 'cycle', 20, 18, '2023-11-19 07:24:34', b'0'),
(42, 'ADD BUDGET', ' has been added to the budget.', 'budgets', 20, 18, '2023-11-19 07:24:49', b'0'),
(43, 'CYCLE STARTED', ' has been a new cycle for the month of November 2023.', 'cycle', 21, 18, '2023-11-19 07:36:59', b'0'),
(44, 'ADD BUDGET', ' has been added to the budget.', 'budgets', 21, 18, '2023-11-19 07:37:18', b'0'),
(45, 'CYCLE STARTED', ' has been a new cycle for the month of November 2023.', 'cycle', 22, 18, '2023-11-19 07:46:14', b'0'),
(46, 'ADD BUDGET', ' has been added to the budget.', 'budgets', 22, 18, '2023-11-19 07:46:43', b'0'),
(47, 'ADD BUDGET', ' has been added to the budget.', 'budgets', 23, 18, '2023-11-19 07:48:36', b'0'),
(48, 'CYCLE STARTED', ' has been a new cycle for the month of November 2023.', 'cycle', 23, 18, '2023-11-19 08:01:02', b'0'),
(49, 'ADD BUDGET', ' has been added to the budget.', 'budgets', 24, 18, '2023-11-19 08:02:12', b'0'),
(50, 'ADD BUDGET', ' has been added to the budget.', 'budgets', 25, 18, '2023-11-19 08:02:16', b'0'),
(51, 'CYCLE STARTED', ' has been a new cycle for the month of November 2023.', 'cycle', 24, 18, '2023-11-19 08:10:33', b'0'),
(52, 'ADD BUDGET', ' has been added to the budget.', 'budgets', 26, 18, '2023-11-19 08:14:02', b'0'),
(53, 'CYCLE STARTED', ' has been a new cycle for the month of November 2023.', 'cycle', 25, 1, '2023-11-19 08:23:18', b'0'),
(54, 'ADD BUDGET', ' has been added to the budget.', 'budgets', 27, 1, '2023-11-19 08:23:26', b'0'),
(55, 'CYCLE STARTED', ' has been a new cycle for the month of November 2023.', 'cycle', 26, 26, '2023-11-19 08:27:31', b'0'),
(56, 'ADD BUDGET', ' has been added to the budget.', 'budgets', 28, 26, '2023-11-19 08:27:36', b'0'),
(57, 'CYCLE STARTED', ' has been a new cycle for the month of November 2023.', 'cycle', 27, 26, '2023-11-19 08:31:54', b'0'),
(58, 'ADD BUDGET', ' has been added to the budget.', 'budgets', 29, 26, '2023-11-19 08:31:58', b'0'),
(59, 'CYCLE STARTED', ' has been a new cycle for the month of November 2023.', 'cycle', 28, 26, '2023-11-19 08:33:55', b'0'),
(60, 'ADD BUDGET', ' has been added to the budget.', 'budgets', 30, 26, '2023-11-19 08:34:01', b'0'),
(61, 'CYCLE STARTED', ' has been a new cycle for the month of November 2023.', 'cycle', 29, 26, '2023-11-19 08:35:53', b'0'),
(62, 'ADD BUDGET', ' has been added to the budget.', 'budgets', 31, 26, '2023-11-19 08:35:58', b'0'),
(63, 'CYCLE STARTED', ' has been a new cycle for the month of November 2023.', 'cycle', 30, 16, '2023-11-19 09:06:25', b'0'),
(64, 'ADD BUDGET', ' has been added to the budget.', 'budgets', 32, 16, '2023-11-19 09:06:33', b'0'),
(65, 'CYCLE STARTED', ' has been a new cycle for the month of November 2023.', 'cycle', 31, 18, '2023-11-21 08:20:53', b'0'),
(66, 'ADD BUDGET', ' has been added to the budget.', 'budgets', 33, 18, '2023-11-21 08:21:02', b'0'),
(67, 'CYCLE STARTED', ' has been a new cycle for the month of November 2023.', 'cycle', 32, 16, '2023-11-21 08:37:07', b'0'),
(68, 'ADD BUDGET', ' has been added to the budget.', 'budgets', 34, 16, '2023-11-21 08:37:32', b'0'),
(69, 'ADD BUDGET', ' has been added to the budget.', 'budgets', 35, 16, '2023-11-22 08:26:26', b'0'),
(70, 'CYCLE STARTED', ' has been a new cycle for the month of November 2023.', 'cycle', 33, 18, '2023-11-24 03:56:16', b'0'),
(71, 'ADD BUDGET', ' has been added to the budget.', 'budgets', 36, 18, '2023-11-24 03:56:51', b'0'),
(72, 'ADD BUDGET', ' has been added to the budget.', 'budgets', 37, 18, '2023-11-26 08:06:53', b'0'),
(73, 'CYCLE STARTED', ' has been a new cycle for the month of November 2023.', 'cycle', 34, 27, '2023-11-26 09:20:29', b'0'),
(74, 'ADD BUDGET', ' has been added to the budget.', 'budgets', 38, 27, '2023-11-26 09:20:34', b'0'),
(75, 'ADD BUDGET', ' has been added to the budget.', 'budgets', 39, 27, '2023-11-26 09:26:39', b'0'),
(76, 'CYCLE STARTED', ' has been a new cycle for the month of November 2023.', 'cycle', 35, 16, '2023-11-27 05:23:13', b'0'),
(77, 'ADD BUDGET', ' has been added to the budget.', 'budgets', 40, 16, '2023-11-27 05:23:18', b'0'),
(78, 'CYCLE STARTED', ' has been a new cycle for the month of November 2023.', 'cycle', 36, 1, '2023-11-28 04:07:11', b'0'),
(79, 'CYCLE STARTED', ' has been a new cycle for the month of December 2023.', 'cycle', 37, 18, '2023-12-01 16:30:42', b'0'),
(80, 'ADD BUDGET', ' has been added to the budget.', 'budgets', 41, 18, '2023-12-01 16:31:01', b'0'),
(81, 'CYCLE STARTED', ' has been a new cycle for the month of December 2023.', 'cycle', 38, 16, '2023-12-03 05:31:01', b'0'),
(82, 'ADD BUDGET', ' has been added to the budget.', 'budgets', 42, 16, '2023-12-03 05:31:08', b'0'),
(83, 'CYCLE STARTED', ' has been a new cycle for the month of December 2023.', 'cycle', 39, 39, '2023-12-03 05:34:50', b'0'),
(84, 'ADD BUDGET', ' has been added to the budget.', 'budgets', 43, 39, '2023-12-03 05:34:57', b'0'),
(85, 'CYCLE STARTED', ' has been a new cycle for the month of December 2023.', 'cycle', 40, 1, '2023-12-03 06:10:55', b'0'),
(86, 'ADD BUDGET', ' has been added to the budget.', 'budgets', 44, 1, '2023-12-03 06:11:00', b'0'),
(87, 'CYCLE STARTED', ' has been a new cycle for the month of December 2023.', 'cycle', 41, 16, '2023-12-03 06:38:44', b'0'),
(88, 'ADD BUDGET', ' has been added to the budget.', 'budgets', 45, 16, '2023-12-03 06:38:50', b'0'),
(89, 'ADD BUDGET', ' has been added to the budget.', 'budgets', 46, 16, '2023-12-03 07:00:51', b'0'),
(90, 'CYCLE STARTED', ' has been a new cycle for the month of December 2023.', 'cycle', 42, 39, '2023-12-03 07:34:12', b'0'),
(91, 'ADD BUDGET', ' has been added to the budget.', 'budgets', 47, 39, '2023-12-03 07:34:22', b'0'),
(92, 'CYCLE STARTED', ' has been a new cycle for the month of December 2023.', 'cycle', 43, 18, '2023-12-03 07:39:41', b'0'),
(93, 'ADD BUDGET', ' has been added to the budget.', 'budgets', 48, 18, '2023-12-03 07:41:08', b'0'),
(94, 'CYCLE STARTED', ' has been a new cycle for the month of December 2023.', 'cycle', 44, 16, '2023-12-03 11:39:36', b'0'),
(95, 'ADD BUDGET', ' has been added to the budget.', 'budgets', 49, 16, '2023-12-03 11:39:49', b'0'),
(96, 'CYCLE STARTED', ' has been a new cycle for the month of December 2023.', 'cycle', 45, 16, '2023-12-03 13:20:33', b'0'),
(97, 'ADD BUDGET', ' has been added to the budget.', 'budgets', 50, 16, '2023-12-03 13:20:46', b'0'),
(98, 'CYCLE STARTED', ' has been a new cycle for the month of December 2023.', 'cycle', 46, 18, '2023-12-04 02:25:35', b'0'),
(99, 'ADD BUDGET', ' has been added to the budget.', 'budgets', 51, 18, '2023-12-04 02:25:47', b'0'),
(100, 'CYCLE STARTED', ' has been a new cycle for the month of December 2023.', 'cycle', 47, 16, '2023-12-04 02:28:37', b'0'),
(101, 'ADD BUDGET', ' has been added to the budget.', 'budgets', 52, 16, '2023-12-04 02:28:46', b'0'),
(102, 'CYCLE STARTED', ' has been a new cycle for the month of January 2024.', 'cycle', 48, 1, '2024-01-03 14:11:04', b'0'),
(103, 'CYCLE STARTED', ' has been a new cycle for the month of January 2024.', 'cycle', 49, 1, '2024-01-03 14:11:35', b'0'),
(104, 'CYCLE STARTED', ' has been a new cycle for the month of January 2024.', 'cycle', 50, 1, '2024-01-03 14:12:14', b'0'),
(105, 'CYCLE STARTED', ' has been a new cycle for the month of January 2024.', 'cycle', 51, 3, '2024-01-03 14:13:11', b'0'),
(106, 'CYCLE STARTED', ' has been a new cycle for the month of January 2024.', 'cycle', 52, 1, '2024-01-03 14:13:50', b'0'),
(107, 'ADD BUDGET', ' has been added to the budget.', 'budgets', 53, 1, '2024-01-03 14:15:06', b'0'),
(108, 'ADD BUDGET', ' has been added to the budget.', 'budgets', 54, 3, '2024-01-03 14:16:02', b'0');

-- --------------------------------------------------------

--
-- Table structure for table `budgets`
--

CREATE TABLE `budgets` (
  `id` int(11) NOT NULL,
  `amount` decimal(10,2) NOT NULL,
  `cycle_id` int(11) DEFAULT NULL,
  `created` timestamp NOT NULL DEFAULT current_timestamp(),
  `created_by` int(11) NOT NULL,
  `archived` bit(1) NOT NULL DEFAULT b'0'
) ENGINE=InnoDB DEFAULT CHARSET=utf8mb4 COLLATE=utf8mb4_general_ci;

--
-- Dumping data for table `budgets`
--

INSERT INTO `budgets` (`id`, `amount`, `cycle_id`, `created`, `created_by`, `archived`) VALUES
(1, 15.00, 1, '2023-11-02 10:08:20', 1, b'0'),
(2, 1.00, 1, '2023-11-02 10:44:59', 1, b'0'),
(3, 15.00, 3, '2023-11-08 02:26:31', 1, b'0'),
(5, 100.00, 7, '2023-11-08 03:42:54', 1, b'0'),
(6, 5.00, 8, '2023-11-11 12:44:16', 1, b'0'),
(7, 5.00, 9, '2023-11-11 12:47:31', 1, b'0'),
(8, 5.00, 10, '2023-11-13 19:12:24', 1, b'0'),
(9, 5.00, 10, '2023-11-13 19:12:55', 1, b'0'),
(10, 5.50, 10, '2023-11-13 19:29:08', 1, b'0'),
(11, 25.30, 10, '2023-11-13 19:32:27', 1, b'0'),
(12, 15.00, 11, '2023-11-18 06:22:28', 1, b'0'),
(13, 1000.00, 12, '2023-11-18 06:34:57', 1, b'0'),
(14, 1000.00, 13, '2023-11-18 08:54:09', 1, b'0'),
(15, 15000.00, 14, '2023-11-18 15:44:30', 16, b'0'),
(16, 15000.00, 15, '2023-11-18 16:55:43', 16, b'0'),
(17, 15000.00, 16, '2023-11-18 17:27:04', 16, b'0'),
(18, 15000.00, 17, '2023-11-18 17:39:20', 16, b'0'),
(19, 100.00, 18, '2023-11-19 05:58:25', 16, b'0'),
(20, 25000.00, 20, '2023-11-19 07:24:49', 18, b'0'),
(21, 30000.00, 21, '2023-11-19 07:37:18', 18, b'0'),
(22, 25000.00, 22, '2023-11-19 07:46:43', 18, b'0'),
(23, 3000.00, 22, '2023-11-19 07:48:36', 19, b'0'),
(24, 25000.00, 23, '2023-11-19 08:02:12', 18, b'0'),
(25, 1000.00, 23, '2023-11-19 08:02:16', 19, b'0'),
(26, 1000.00, 24, '2023-11-19 08:14:02', 18, b'0'),
(27, 1000.00, 25, '2023-11-19 08:23:26', 1, b'0'),
(28, 100.00, 26, '2023-11-19 08:27:36', 26, b'0'),
(29, 100.00, 27, '2023-11-19 08:31:58', 26, b'0'),
(30, 150.00, 28, '2023-11-19 08:34:01', 26, b'0'),
(31, 150.00, 29, '2023-11-19 08:35:58', 26, b'0'),
(32, 15000.00, 30, '2023-11-19 09:06:33', 16, b'0'),
(33, 27000.00, 31, '2023-11-21 08:21:02', 18, b'0'),
(34, 14000.00, 32, '2023-11-21 08:37:32', 16, b'0'),
(35, 1000.00, 32, '2023-11-22 08:26:26', 16, b'0'),
(36, 27000.00, 33, '2023-11-24 03:56:51', 18, b'0'),
(38, 100.00, 34, '2023-11-26 09:20:34', 27, b'0'),
(39, 50.00, 34, '2023-11-26 09:26:39', 27, b'0'),
(40, 10000.00, 35, '2023-11-27 05:23:18', 16, b'0'),
(41, 5.00, 37, '2023-12-01 16:31:01', 18, b'0'),
(42, 15000.00, 38, '2023-12-03 05:31:08', 16, b'0'),
(43, 15000.00, 39, '2023-12-03 05:34:57', 39, b'0'),
(44, 5.00, 40, '2023-12-03 06:11:00', 1, b'0'),
(45, 15000.00, 41, '2023-12-03 06:38:50', 16, b'0'),
(46, 500.00, 41, '2023-12-03 07:00:51', 16, b'0'),
(47, 15000.00, 42, '2023-12-03 07:34:22', 39, b'0'),
(48, 26000.00, 43, '2023-12-03 07:41:08', 18, b'0'),
(49, 14000.00, 44, '2023-12-03 11:39:49', 16, b'0'),
(50, 500.00, 45, '2023-12-03 13:20:46', 16, b'0'),
(51, 28000.00, 46, '2023-12-04 02:25:47', 18, b'0'),
(52, 14000.00, 47, '2023-12-04 02:28:46', 16, b'0'),
(53, 10.00, 52, '2024-01-03 14:15:06', 1, b'0'),
(54, 10.00, 51, '2024-01-03 14:16:02', 3, b'0');

-- --------------------------------------------------------

--
-- Table structure for table `budget_limit`
--

CREATE TABLE `budget_limit` (
  `id` int(11) NOT NULL,
  `expensese_category_id` int(11) DEFAULT NULL,
  `cycle_id` int(11) DEFAULT NULL,
  `amount` decimal(10,2) NOT NULL DEFAULT 0.00,
  `created` timestamp NOT NULL DEFAULT current_timestamp(),
  `created_by` int(11) DEFAULT NULL,
  `archived` bit(1) NOT NULL DEFAULT b'0'
) ENGINE=InnoDB DEFAULT CHARSET=utf8mb4 COLLATE=utf8mb4_general_ci;

--
-- Dumping data for table `budget_limit`
--

INSERT INTO `budget_limit` (`id`, `expensese_category_id`, `cycle_id`, `amount`, `created`, `created_by`, `archived`) VALUES
(1, 1, 3, 1.00, '2023-11-08 02:26:48', 1, b'0'),
(2, 1, 5, 5.00, '2023-11-08 02:55:09', 1, b'0'),
(3, 1, 7, 5.00, '2023-11-08 03:57:32', 1, b'0'),
(4, 2, 7, 95.00, '2023-11-11 12:17:26', 1, b'0'),
(5, 1, 8, 5.00, '2023-11-11 12:44:24', 1, b'0'),
(6, 3, 9, 5.00, '2023-11-11 12:47:42', 1, b'0'),
(7, 1, 10, 10.00, '2023-11-13 21:18:50', 1, b'0'),
(8, 2, 10, 25.00, '2023-11-13 21:24:09', 1, b'0'),
(9, 1, 11, 10.00, '2023-11-18 06:22:32', 1, b'0'),
(10, 2, 11, 5.00, '2023-11-18 06:22:37', 1, b'0'),
(11, 1, 12, 500.00, '2023-11-18 08:00:13', 1, b'0'),
(12, 2, 12, 500.00, '2023-11-18 08:00:19', 1, b'0'),
(13, 1, 13, 500.00, '2023-11-18 08:54:20', 1, b'0'),
(14, 6, 14, 2700.00, '2023-11-18 16:08:34', 16, b'0'),
(15, 7, 14, 600.00, '2023-11-18 16:08:56', 16, b'0'),
(16, 8, 14, 3000.00, '2023-11-18 16:09:08', 16, b'0'),
(17, 10, 14, 900.00, '2023-11-18 16:09:22', 16, b'0'),
(18, 11, 14, 650.00, '2023-11-18 16:09:36', 16, b'0'),
(19, 12, 14, 1500.00, '2023-11-18 16:09:57', 16, b'0'),
(20, 13, 14, 2000.00, '2023-11-18 16:10:32', 16, b'0'),
(21, 14, 14, 1000.00, '2023-11-18 16:10:41', 16, b'0'),
(22, 15, 14, 1000.00, '2023-11-18 16:10:49', 16, b'0'),
(23, 6, 15, 2700.00, '2023-11-18 16:56:49', 16, b'0'),
(24, 7, 15, 600.00, '2023-11-18 16:57:00', 16, b'0'),
(25, 8, 15, 3000.00, '2023-11-18 16:57:12', 16, b'0'),
(26, 10, 15, 900.00, '2023-11-18 16:57:30', 16, b'0'),
(27, 11, 15, 650.00, '2023-11-18 16:57:41', 16, b'0'),
(28, 12, 15, 1500.00, '2023-11-18 16:57:51', 16, b'0'),
(29, 13, 15, 2000.00, '2023-11-18 16:58:06', 16, b'0'),
(30, 14, 15, 1000.00, '2023-11-18 16:58:17', 16, b'0'),
(31, 15, 15, 1000.00, '2023-11-18 16:58:27', 16, b'0'),
(32, 6, 16, 2700.00, '2023-11-18 17:27:13', 16, b'0'),
(33, 7, 16, 600.00, '2023-11-18 17:27:28', 16, b'0'),
(34, 8, 16, 3000.00, '2023-11-18 17:27:37', 16, b'0'),
(35, 10, 16, 900.00, '2023-11-18 17:27:44', 16, b'0'),
(36, 11, 16, 650.00, '2023-11-18 17:27:51', 16, b'0'),
(37, 12, 16, 1500.00, '2023-11-18 17:27:58', 16, b'0'),
(38, 13, 16, 2000.00, '2023-11-18 17:28:06', 16, b'0'),
(39, 14, 16, 1000.00, '2023-11-18 17:28:14', 16, b'0'),
(40, 15, 16, 1000.00, '2023-11-18 17:28:23', 16, b'0'),
(41, 16, 16, 1000.00, '2023-11-18 17:36:56', 16, b'0'),
(42, 6, 17, 2700.00, '2023-11-18 17:39:25', 16, b'0'),
(43, 7, 17, 600.00, '2023-11-18 17:39:35', 16, b'0'),
(44, 8, 17, 3000.00, '2023-11-18 17:39:47', 16, b'0'),
(45, 10, 17, 900.00, '2023-11-18 17:39:54', 16, b'0'),
(46, 11, 17, 650.00, '2023-11-18 17:40:02', 16, b'0'),
(47, 12, 17, 1500.00, '2023-11-18 17:40:11', 16, b'0'),
(48, 13, 17, 2000.00, '2023-11-18 17:40:18', 16, b'0'),
(49, 14, 17, 1000.00, '2023-11-18 17:40:27', 16, b'0'),
(50, 15, 17, 1000.00, '2023-11-18 17:40:38', 16, b'0'),
(51, 16, 17, 1000.00, '2023-11-18 17:40:49', 16, b'0'),
(52, 6, 18, 50.00, '2023-11-19 06:15:48', 16, b'0'),
(53, 17, 20, 4500.00, '2023-11-19 07:25:22', 18, b'0'),
(54, 18, 20, 1500.00, '2023-11-19 07:25:32', 18, b'0'),
(55, 19, 20, 4000.00, '2023-11-19 07:25:45', 18, b'0'),
(56, 20, 20, 5000.00, '2023-11-19 07:25:54', 18, b'0'),
(57, 21, 20, 740.00, '2023-11-19 07:26:05', 18, b'0'),
(58, 22, 20, 2500.00, '2023-11-19 07:26:14', 18, b'0'),
(59, 23, 20, 3000.00, '2023-11-19 07:26:27', 18, b'0'),
(60, 24, 20, 1000.00, '2023-11-19 07:26:34', 18, b'0'),
(61, 25, 20, 500.00, '2023-11-19 07:26:41', 18, b'0'),
(62, 17, 21, 5000.00, '2023-11-19 07:37:25', 18, b'0'),
(63, 18, 21, 1500.00, '2023-11-19 07:37:32', 18, b'0'),
(64, 19, 21, 4000.00, '2023-11-19 07:37:39', 18, b'0'),
(65, 20, 21, 6000.00, '2023-11-19 07:37:50', 18, b'0'),
(66, 21, 21, 740.00, '2023-11-19 07:39:57', 18, b'0'),
(67, 22, 21, 3200.00, '2023-11-19 07:40:04', 18, b'0'),
(68, 23, 21, 3500.00, '2023-11-19 07:40:15', 18, b'0'),
(69, 24, 21, 1000.00, '2023-11-19 07:40:33', 18, b'0'),
(70, 25, 21, 1500.00, '2023-11-19 07:40:40', 18, b'0'),
(71, 17, 22, 4300.00, '2023-11-19 07:49:37', 18, b'0'),
(72, 18, 22, 1500.00, '2023-11-19 07:50:00', 18, b'0'),
(73, 19, 22, 4000.00, '2023-11-19 07:50:07', 18, b'0'),
(74, 20, 22, 5000.00, '2023-11-19 07:50:17', 18, b'0'),
(75, 21, 22, 740.00, '2023-11-19 07:50:29', 18, b'0'),
(76, 22, 22, 2800.00, '2023-11-19 07:50:36', 18, b'0'),
(77, 23, 22, 4000.00, '2023-11-19 07:50:45', 18, b'0'),
(78, 24, 22, 1000.00, '2023-11-19 07:50:52', 18, b'0'),
(79, 25, 22, 1500.00, '2023-11-19 07:50:58', 18, b'0'),
(80, 17, 23, 4300.00, '2023-11-19 08:02:53', 18, b'0'),
(81, 18, 23, 1500.00, '2023-11-19 08:03:00', 18, b'0'),
(82, 19, 23, 4800.00, '2023-11-19 08:03:07', 18, b'0'),
(83, 20, 23, 5600.00, '2023-11-19 08:03:15', 18, b'0'),
(84, 21, 23, 740.00, '2023-11-19 08:03:22', 18, b'0'),
(85, 22, 23, 2500.00, '2023-11-19 08:03:29', 18, b'0'),
(86, 23, 23, 4500.00, '2023-11-19 08:03:37', 18, b'0'),
(87, 24, 23, 1000.00, '2023-11-19 08:03:45', 18, b'0'),
(88, 25, 23, 1000.00, '2023-11-19 08:03:52', 18, b'0'),
(89, 26, 26, 50.00, '2023-11-19 08:28:24', 26, b'0'),
(90, 27, 26, 30.00, '2023-11-19 08:29:04', 26, b'0'),
(91, 28, 26, 20.00, '2023-11-19 08:29:09', 26, b'0'),
(92, 26, 27, 60.00, '2023-11-19 08:32:08', 26, b'0'),
(93, 27, 27, 35.00, '2023-11-19 08:32:16', 26, b'0'),
(94, 28, 27, 5.00, '2023-11-19 08:32:31', 26, b'0'),
(95, 26, 28, 55.00, '2023-11-19 08:34:08', 26, b'0'),
(96, 27, 28, 40.00, '2023-11-19 08:34:14', 26, b'0'),
(97, 28, 28, 25.00, '2023-11-19 08:34:20', 26, b'0'),
(98, 26, 29, 70.00, '2023-11-19 08:36:03', 26, b'0'),
(99, 27, 29, 40.00, '2023-11-19 08:36:08', 26, b'0'),
(100, 28, 29, 20.00, '2023-11-19 08:36:13', 26, b'0'),
(101, 6, 30, 2500.00, '2023-11-19 09:06:57', 16, b'0'),
(102, 6, 32, 2900.00, '2023-11-22 08:26:49', 16, b'0'),
(103, 7, 32, 600.00, '2023-11-22 08:26:58', 16, b'0'),
(104, 8, 32, 3000.00, '2023-11-22 08:27:07', 16, b'0'),
(105, 10, 32, 900.00, '2023-11-22 08:27:13', 16, b'0'),
(106, 11, 32, 650.00, '2023-11-22 08:27:25', 16, b'0'),
(107, 12, 32, 1500.00, '2023-11-22 08:28:59', 16, b'0'),
(108, 13, 32, 2000.00, '2023-11-22 08:29:06', 16, b'0'),
(109, 14, 32, 1000.00, '2023-11-22 08:29:24', 16, b'0'),
(110, 15, 32, 1000.00, '2023-11-22 08:29:32', 16, b'0'),
(111, 16, 32, 1000.00, '2023-11-22 08:29:45', 16, b'0'),
(112, 17, 33, 4500.00, '2023-11-24 04:01:57', 18, b'0'),
(113, 18, 33, 1500.00, '2023-11-24 04:02:06', 18, b'0'),
(114, 19, 33, 4800.00, '2023-11-24 04:02:14', 18, b'0'),
(115, 20, 33, 5600.00, '2023-11-24 04:02:24', 18, b'0'),
(116, 21, 33, 740.00, '2023-11-24 04:02:31', 18, b'0'),
(117, 22, 33, 2500.00, '2023-11-24 04:02:38', 18, b'0'),
(118, 23, 33, 4500.00, '2023-11-24 04:02:49', 18, b'0'),
(119, 24, 33, 1000.00, '2023-11-24 04:02:57', 18, b'0'),
(120, 25, 33, 1500.00, '2023-11-24 04:03:05', 18, b'0'),
(121, 29, 34, 50.00, '2023-11-26 09:21:12', 27, b'0'),
(122, 17, 37, 2.00, '2023-12-01 16:31:10', 18, b'0'),
(123, 6, 38, 2700.00, '2023-12-03 05:31:17', 16, b'0'),
(124, 7, 38, 600.00, '2023-12-03 05:31:26', 16, b'0'),
(125, 8, 38, 3000.00, '2023-12-03 05:31:35', 16, b'0'),
(126, 10, 38, 900.00, '2023-12-03 05:31:45', 16, b'0'),
(127, 11, 38, 650.00, '2023-12-03 05:31:55', 16, b'0'),
(128, 30, 39, 2700.00, '2023-12-03 05:39:00', 39, b'0'),
(129, 31, 39, 600.00, '2023-12-03 05:39:08', 39, b'0'),
(130, 32, 39, 3000.00, '2023-12-03 05:39:18', 39, b'0'),
(131, 33, 39, 900.00, '2023-12-03 05:39:25', 39, b'0'),
(132, 34, 39, 650.00, '2023-12-03 05:39:34', 39, b'0'),
(133, 35, 39, 1500.00, '2023-12-03 05:39:42', 39, b'0'),
(134, 36, 39, 2000.00, '2023-12-03 05:39:56', 39, b'0'),
(135, 37, 39, 1000.00, '2023-12-03 05:40:03', 39, b'0'),
(136, 38, 39, 1000.00, '2023-12-03 05:40:11', 39, b'0'),
(137, 39, 39, 1000.00, '2023-12-03 05:40:18', 39, b'0'),
(138, 1, 40, 1.00, '2023-12-03 06:11:04', 1, b'0'),
(139, 2, 40, 1.00, '2023-12-03 06:13:31', 1, b'0'),
(140, 6, 41, 2800.00, '2023-12-03 06:44:43', 16, b'0'),
(141, 7, 41, 650.00, '2023-12-03 06:44:51', 16, b'0'),
(142, 8, 41, 3400.00, '2023-12-03 06:45:53', 16, b'0'),
(143, 10, 41, 900.00, '2023-12-03 06:46:23', 16, b'0'),
(144, 11, 41, 650.00, '2023-12-03 06:48:17', 16, b'0'),
(145, 12, 41, 1500.00, '2023-12-03 06:48:43', 16, b'0'),
(146, 13, 41, 2000.00, '2023-12-03 06:51:13', 16, b'0'),
(147, 14, 41, 1000.00, '2023-12-03 06:51:21', 16, b'0'),
(148, 15, 41, 1000.00, '2023-12-03 06:51:28', 16, b'0'),
(149, 16, 41, 1000.00, '2023-12-03 06:51:50', 16, b'0'),
(150, 30, 42, 2800.00, '2023-12-03 07:34:31', 39, b'0'),
(151, 31, 42, 650.00, '2023-12-03 07:34:38', 39, b'0'),
(152, 32, 42, 3400.00, '2023-12-03 07:34:47', 39, b'0'),
(153, 33, 42, 900.00, '2023-12-03 07:34:57', 39, b'0'),
(154, 34, 42, 650.00, '2023-12-03 07:35:06', 39, b'0'),
(155, 35, 42, 1500.00, '2023-12-03 07:35:17', 39, b'0'),
(156, 36, 42, 2000.00, '2023-12-03 07:35:27', 39, b'0'),
(157, 37, 42, 1000.00, '2023-12-03 07:35:37', 39, b'0'),
(158, 38, 42, 1000.00, '2023-12-03 07:35:45', 39, b'0'),
(159, 39, 42, 1000.00, '2023-12-03 07:35:52', 39, b'0'),
(160, 6, 45, 250.00, '2023-12-03 13:20:58', 16, b'0'),
(161, 17, 46, 2900.00, '2023-12-05 11:35:44', 18, b'0'),
(162, 1, 52, 4.00, '2024-01-03 14:15:13', 1, b'0'),
(163, 5, 52, 4.00, '2024-01-03 14:15:13', 1, b'0'),
(164, 2, 52, 2.88, '2024-01-03 14:15:13', 1, b'0'),
(165, 3, 52, 0.12, '2024-01-03 14:15:13', 1, b'0'),
(166, 4, 51, 0.00, '2024-01-03 14:16:17', 3, b'0');

-- --------------------------------------------------------

--
-- Table structure for table `cycle`
--

CREATE TABLE `cycle` (
  `id` int(11) NOT NULL,
  `month` varchar(20) DEFAULT NULL,
  `year` int(4) DEFAULT NULL,
  `start` timestamp NULL DEFAULT NULL,
  `end` timestamp NULL DEFAULT NULL,
  `parent_id` int(11) DEFAULT NULL,
  `created_by` int(11) DEFAULT NULL,
  `created` timestamp NOT NULL DEFAULT current_timestamp(),
  `archived` bit(1) NOT NULL DEFAULT b'0'
) ENGINE=InnoDB DEFAULT CHARSET=utf8mb4 COLLATE=utf8mb4_general_ci;

--
-- Dumping data for table `cycle`
--

INSERT INTO `cycle` (`id`, `month`, `year`, `start`, `end`, `parent_id`, `created_by`, `created`, `archived`) VALUES
(1, 'November', 2023, '2023-10-31 00:00:00', '2023-11-01 00:00:00', 1, NULL, '2023-11-02 10:08:16', b'0'),
(3, 'November', 2023, '2023-11-01 00:00:00', '2023-11-06 00:00:00', 1, NULL, '2023-11-08 02:20:55', b'0'),
(7, 'November', 2023, '2023-11-05 00:00:00', '2023-11-09 00:00:00', 1, NULL, '2023-11-08 03:42:31', b'0'),
(8, 'November', 2023, '2023-10-31 00:00:00', '2023-11-02 00:00:00', 1, NULL, '2023-11-11 12:44:06', b'0'),
(9, 'November', 2023, '2023-11-01 00:00:00', '2023-11-04 00:00:00', 1, NULL, '2023-11-11 12:46:45', b'0'),
(10, 'November', 2023, '2023-11-11 00:00:00', '2023-11-14 00:00:00', 1, NULL, '2023-11-13 19:12:20', b'0'),
(11, 'November', 2023, '2023-11-11 00:00:00', '2023-11-16 00:00:00', 1, NULL, '2023-11-18 06:22:13', b'0'),
(12, 'November', 2023, '2022-12-31 00:00:00', '2023-01-29 00:00:00', 1, NULL, '2023-11-18 06:34:52', b'0'),
(13, 'November', 2023, '2023-11-15 00:00:00', '2023-11-16 00:00:00', 1, NULL, '2023-11-18 08:54:03', b'0'),
(14, 'January', 2023, '2023-01-01 00:00:00', '2023-01-31 00:00:00', 16, NULL, '2023-11-18 15:44:16', b'0'),
(15, 'February', 2023, '2023-02-01 00:00:00', '2023-02-28 00:00:00', 16, NULL, '2023-11-18 16:55:01', b'0'),
(16, 'March', 2023, '2023-03-01 00:00:00', '2023-03-31 00:00:00', 16, NULL, '2023-11-18 17:12:58', b'0'),
(17, 'April', 2023, '2023-04-01 00:00:00', '2023-04-30 00:00:00', 16, NULL, '2023-11-18 17:38:57', b'0'),
(20, 'May', 2023, '2023-05-01 00:00:00', '2023-05-31 00:00:00', 18, NULL, '2023-11-19 07:24:34', b'0'),
(21, 'June', 2023, '2023-06-01 00:00:00', '2023-06-30 00:00:00', 18, NULL, '2023-11-19 07:36:59', b'0'),
(22, 'July', 2023, '2023-07-01 00:00:00', '2023-07-31 00:00:00', 18, NULL, '2023-11-19 07:46:14', b'0'),
(23, 'August', 2023, '2023-08-01 00:00:00', '2023-08-31 00:00:00', 18, NULL, '2023-11-19 08:01:02', b'0'),
(34, 'November', 2023, '2023-11-22 00:00:00', '2023-11-23 00:00:00', 27, NULL, '2023-11-26 09:20:29', b'0'),
(42, 'December', 2023, '2023-12-02 00:00:00', '2023-12-03 00:00:00', 39, NULL, '2023-12-03 07:34:12', b'0'),
(46, 'December', 2023, '2023-12-04 00:00:00', '2023-12-09 00:00:00', 18, NULL, '2023-12-04 02:25:35', b'0'),
(51, 'January', 2024, '2024-01-01 00:00:00', '2024-01-13 00:00:00', 3, NULL, '2024-01-03 14:13:11', b'0'),
(52, 'January', 2024, '2024-01-01 00:00:00', '2024-01-02 00:00:00', 1, NULL, '2024-01-03 14:13:50', b'0');

-- --------------------------------------------------------

--
-- Table structure for table `expenses`
--

CREATE TABLE `expenses` (
  `id` int(11) NOT NULL,
  `amount` decimal(10,2) NOT NULL,
  `cycle_id` int(11) DEFAULT NULL,
  `expenses_name_id` int(11) NOT NULL,
  `created` timestamp NOT NULL DEFAULT current_timestamp(),
  `created_by` int(11) NOT NULL
) ENGINE=InnoDB DEFAULT CHARSET=utf8mb4 COLLATE=utf8mb4_general_ci;

--
-- Dumping data for table `expenses`
--

INSERT INTO `expenses` (`id`, `amount`, `cycle_id`, `expenses_name_id`, `created`, `created_by`) VALUES
(1, 5.00, 1, 2, '2023-11-02 10:08:31', 1),
(5, 16.00, 3, 2, '2023-11-08 02:57:45', 1),
(6, 1.00, 7, 2, '2023-11-08 03:57:39', 1),
(7, 95.00, 7, 3, '2023-11-11 12:18:19', 1),
(8, 4.00, 7, 2, '2023-11-11 12:18:30', 1),
(9, 5.00, 8, 2, '2023-11-11 12:45:03', 1),
(10, 5.00, 9, 1, '2023-11-11 12:47:50', 1),
(11, 1.00, 10, 2, '2023-11-13 21:18:58', 1),
(12, 25.00, 10, 3, '2023-11-13 21:24:16', 1),
(13, 1.00, 11, 2, '2023-11-18 06:25:40', 1),
(14, 3.00, 11, 2, '2023-11-18 06:29:22', 1),
(15, 1.00, 11, 3, '2023-11-18 06:29:26', 1),
(16, 250.00, 12, 5, '2023-11-18 08:02:12', 1),
(17, 300.00, 13, 2, '2023-11-18 08:54:31', 1),
(18, 1000.00, 14, 6, '2023-11-18 16:26:09', 16),
(19, 250.00, 14, 7, '2023-11-18 16:26:26', 16),
(20, 1100.00, 14, 8, '2023-11-18 16:26:35', 16),
(21, 576.00, 14, 9, '2023-11-18 16:26:56', 16),
(22, 3000.00, 14, 10, '2023-11-18 16:27:10', 16),
(23, 900.00, 14, 11, '2023-11-18 16:27:23', 16),
(24, 500.00, 14, 12, '2023-11-18 16:27:46', 16),
(25, 150.00, 14, 13, '2023-11-18 16:27:55', 16),
(26, 1300.00, 14, 14, '2023-11-18 16:35:15', 16),
(27, 2000.00, 14, 15, '2023-11-18 16:41:32', 16),
(28, 1000.00, 14, 16, '2023-11-18 16:42:43', 16),
(29, 1000.00, 14, 17, '2023-11-18 16:42:56', 16),
(30, 900.00, 15, 6, '2023-11-18 16:58:56', 16),
(31, 300.00, 15, 7, '2023-11-18 17:02:37', 16),
(32, 1100.00, 15, 8, '2023-11-18 17:02:53', 16),
(33, 576.00, 15, 9, '2023-11-18 17:03:41', 16),
(34, 3700.00, 15, 10, '2023-11-18 17:04:04', 16),
(35, 900.00, 15, 11, '2023-11-18 17:04:20', 16),
(36, 500.00, 15, 12, '2023-11-18 17:04:32', 16),
(37, 150.00, 15, 13, '2023-11-18 17:04:40', 16),
(38, 1400.00, 15, 14, '2023-11-18 17:05:59', 16),
(39, 3000.00, 15, 15, '2023-11-18 17:06:15', 16),
(40, 1000.00, 15, 16, '2023-11-18 17:06:33', 16),
(41, 1000.00, 15, 17, '2023-11-18 17:06:52', 16),
(42, 500.00, 15, 18, '2023-11-18 17:07:08', 16),
(43, 1500.00, 16, 6, '2023-11-18 17:28:36', 16),
(44, 300.00, 16, 7, '2023-11-18 17:28:44', 16),
(45, 1100.00, 16, 8, '2023-11-18 17:28:55', 16),
(46, 500.00, 16, 9, '2023-11-18 17:29:11', 16),
(47, 3800.00, 16, 10, '2023-11-18 17:29:25', 16),
(48, 900.00, 16, 11, '2023-11-18 17:30:15', 16),
(49, 500.00, 16, 12, '2023-11-18 17:30:27', 16),
(50, 150.00, 16, 13, '2023-11-18 17:30:36', 16),
(51, 1600.00, 16, 14, '2023-11-18 17:30:45', 16),
(52, 2500.00, 16, 15, '2023-11-18 17:31:06', 16),
(53, 1000.00, 16, 19, '2023-11-18 17:34:53', 16),
(54, 1000.00, 16, 16, '2023-11-18 17:35:02', 16),
(55, 1000.00, 16, 17, '2023-11-18 17:35:13', 16),
(56, 500.00, 16, 18, '2023-11-18 17:35:22', 16),
(57, 1300.00, 17, 6, '2023-11-18 17:41:26', 16),
(58, 400.00, 17, 7, '2023-11-18 17:41:38', 16),
(59, 1100.00, 17, 8, '2023-11-18 17:41:50', 16),
(60, 650.00, 17, 9, '2023-11-18 17:42:04', 16),
(61, 3200.00, 17, 10, '2023-11-18 17:42:22', 16),
(62, 900.00, 17, 11, '2023-11-18 17:42:32', 16),
(63, 500.00, 17, 12, '2023-11-18 17:42:41', 16),
(64, 150.00, 17, 13, '2023-11-18 17:43:07', 16),
(65, 1100.00, 17, 14, '2023-11-18 17:43:20', 16),
(66, 1800.00, 17, 15, '2023-11-18 17:43:31', 16),
(67, 1000.00, 17, 16, '2023-11-18 17:43:50', 16),
(68, 1000.00, 17, 17, '2023-11-18 17:44:02', 16),
(69, 500.00, 17, 18, '2023-11-18 17:44:11', 16),
(70, 50.00, 18, 6, '2023-11-19 06:15:56', 16),
(71, 2500.00, 20, 20, '2023-11-19 07:25:04', 18),
(72, 500.00, 20, 21, '2023-11-19 07:25:12', 18),
(73, 1500.00, 20, 22, '2023-11-19 07:27:02', 18),
(74, 1440.00, 20, 23, '2023-11-19 07:27:17', 18),
(75, 2000.00, 20, 24, '2023-11-19 07:28:09', 18),
(76, 2000.00, 20, 25, '2023-11-19 07:28:17', 18),
(77, 5000.00, 20, 26, '2023-11-19 07:28:25', 18),
(78, 2000.00, 20, 29, '2023-11-19 07:28:50', 18),
(79, 1000.00, 20, 31, '2023-11-19 07:29:01', 18),
(80, 500.00, 20, 32, '2023-11-19 07:29:08', 18),
(81, 500.00, 20, 27, '2023-11-19 07:30:42', 18),
(82, 240.00, 20, 28, '2023-11-19 07:33:46', 19),
(83, 3500.00, 20, 30, '2023-11-19 07:34:04', 19),
(84, 2800.00, 21, 20, '2023-11-19 07:40:50', 18),
(85, 600.00, 21, 21, '2023-11-19 07:40:57', 18),
(86, 1500.00, 21, 22, '2023-11-19 07:41:05', 18),
(87, 1100.00, 21, 23, '2023-11-19 07:41:15', 18),
(88, 2300.00, 21, 24, '2023-11-19 07:41:26', 18),
(89, 2100.00, 21, 25, '2023-11-19 07:41:37', 18),
(90, 6500.00, 21, 26, '2023-11-19 07:41:51', 18),
(91, 500.00, 21, 27, '2023-11-19 07:42:01', 18),
(92, 240.00, 21, 28, '2023-11-19 07:42:48', 18),
(93, 3000.00, 21, 29, '2023-11-19 07:42:59', 18),
(94, 2000.00, 21, 30, '2023-11-19 07:43:16', 18),
(95, 1000.00, 21, 31, '2023-11-19 07:43:26', 18),
(96, 1500.00, 21, 32, '2023-11-19 07:44:06', 18),
(97, 2000.00, 21, 30, '2023-11-19 07:44:47', 20),
(98, 2300.00, 22, 20, '2023-11-19 07:51:15', 18),
(99, 350.00, 22, 21, '2023-11-19 07:51:23', 18),
(100, 1500.00, 22, 22, '2023-11-19 07:51:36', 18),
(101, 1500.00, 22, 23, '2023-11-19 07:51:45', 18),
(102, 1800.00, 22, 24, '2023-11-19 07:51:53', 18),
(103, 1800.00, 22, 25, '2023-11-19 07:51:58', 18),
(104, 5000.00, 22, 26, '2023-11-19 07:52:07', 18),
(105, 1000.00, 22, 31, '2023-11-19 07:52:47', 18),
(106, 1500.00, 22, 32, '2023-11-19 07:52:55', 18),
(107, 500.00, 22, 27, '2023-11-19 07:53:24', 19),
(108, 240.00, 22, 28, '2023-11-19 07:55:36', 20),
(109, 2800.00, 22, 29, '2023-11-19 07:57:47', 19),
(110, 1500.00, 22, 30, '2023-11-19 07:57:59', 19),
(111, 2500.00, 22, 30, '2023-11-19 07:58:10', 20),
(112, 2400.00, 23, 20, '2023-11-19 08:04:05', 18),
(113, 400.00, 23, 21, '2023-11-19 08:04:13', 18),
(114, 1500.00, 23, 22, '2023-11-19 08:04:20', 18),
(115, 1400.00, 23, 23, '2023-11-19 08:06:27', 18),
(116, 2400.00, 23, 24, '2023-11-19 08:06:36', 18),
(117, 2400.00, 23, 25, '2023-11-19 08:06:43', 18),
(118, 5600.00, 23, 26, '2023-11-19 08:06:51', 18),
(119, 500.00, 23, 27, '2023-11-19 08:07:04', 19),
(120, 240.00, 23, 28, '2023-11-19 08:07:10', 19),
(121, 2500.00, 23, 29, '2023-11-19 08:08:02', 18),
(122, 4500.00, 23, 30, '2023-11-19 08:08:13', 20),
(123, 1000.00, 23, 31, '2023-11-19 08:08:51', 18),
(124, 1000.00, 23, 32, '2023-11-19 08:08:59', 18),
(125, 50.00, 26, 33, '2023-11-19 08:28:33', 26),
(126, 25.00, 26, 34, '2023-11-19 08:29:49', 26),
(127, 21.00, 26, 35, '2023-11-19 08:29:57', 26),
(128, 40.00, 27, 33, '2023-11-19 08:32:42', 26),
(129, 10.00, 27, 34, '2023-11-19 08:32:48', 26),
(130, 3.00, 27, 35, '2023-11-19 08:32:55', 26),
(131, 56.00, 28, 33, '2023-11-19 08:34:30', 26),
(132, 40.00, 28, 34, '2023-11-19 08:34:41', 26),
(133, 20.00, 28, 35, '2023-11-19 08:34:47', 26),
(134, 85.00, 29, 33, '2023-11-19 08:36:22', 26),
(135, 60.00, 29, 34, '2023-11-19 08:36:31', 26),
(136, 35.00, 29, 35, '2023-11-19 08:36:40', 26),
(137, 1300.00, 32, 6, '2023-11-22 08:30:17', 16),
(138, 400.00, 32, 7, '2023-11-22 08:30:47', 16),
(139, 1100.00, 32, 8, '2023-11-22 08:30:58', 16),
(140, 650.00, 32, 9, '2023-11-22 08:39:54', 16),
(141, 3200.00, 32, 10, '2023-11-22 08:40:18', 16),
(142, 900.00, 32, 11, '2023-11-22 08:40:34', 16),
(143, 500.00, 32, 12, '2023-11-22 08:41:03', 16),
(144, 150.00, 32, 13, '2023-11-22 08:41:10', 16),
(145, 1100.00, 32, 14, '2023-11-22 08:41:20', 16),
(146, 1800.00, 32, 15, '2023-11-22 08:41:39', 16),
(147, 1000.00, 32, 16, '2023-11-22 08:42:10', 16),
(148, 1000.00, 32, 17, '2023-11-22 08:42:19', 16),
(149, 500.00, 32, 18, '2023-11-22 08:42:26', 16),
(150, 300.00, 32, 10, '2023-11-22 08:43:59', 16),
(151, 500.00, 32, 15, '2023-11-22 08:44:41', 16),
(152, 100.00, 32, 16, '2023-11-22 08:45:11', 16),
(153, 600.00, 32, 10, '2023-11-22 08:45:59', 16),
(154, 2000.00, 33, 20, '2023-11-24 04:03:15', 18),
(155, 700.00, 33, 21, '2023-11-24 04:03:24', 18),
(156, 1500.00, 33, 22, '2023-11-24 04:04:09', 18),
(157, 1600.00, 33, 23, '2023-11-24 04:04:20', 18),
(158, 2100.00, 33, 24, '2023-11-24 04:05:00', 18),
(159, 2100.00, 33, 25, '2023-11-24 04:05:07', 18),
(160, 5600.00, 33, 26, '2023-11-24 04:05:17', 18),
(161, 500.00, 33, 27, '2023-11-24 04:05:24', 18),
(162, 240.00, 33, 28, '2023-11-24 04:05:32', 18),
(163, 4600.00, 33, 29, '2023-11-24 04:05:42', 18),
(164, 4600.00, 33, 30, '2023-11-24 04:05:57', 18),
(165, 1000.00, 33, 31, '2023-11-24 04:06:07', 18),
(166, 1500.00, 33, 32, '2023-11-24 04:06:14', 18),
(167, 10.00, 34, 36, '2023-11-26 09:21:33', 27),
(168, 50.00, 34, 36, '2023-11-26 09:33:37', 27),
(169, 1000.00, 32, 10, '2023-11-27 05:42:07', 16),
(170, 200.00, 32, 9, '2023-11-27 05:42:24', 16),
(171, 400.00, 32, 14, '2023-11-27 05:42:31', 16),
(172, 1.00, 37, 20, '2023-12-01 16:31:21', 18),
(173, 1300.00, 39, 37, '2023-12-03 05:41:09', 39),
(174, 400.00, 39, 38, '2023-12-03 05:41:17', 39),
(175, 1100.00, 39, 39, '2023-12-03 05:41:29', 39),
(176, 650.00, 39, 40, '2023-12-03 05:41:40', 39),
(177, 3000.00, 39, 41, '2023-12-03 05:41:50', 39),
(178, 90.00, 39, 42, '2023-12-03 05:42:00', 39),
(179, 810.00, 39, 42, '2023-12-03 05:42:13', 39),
(180, 500.00, 39, 43, '2023-12-03 05:42:25', 39),
(181, 150.00, 39, 44, '2023-12-03 05:42:33', 39),
(182, 1100.00, 39, 45, '2023-12-03 05:42:42', 39),
(184, 2000.00, 39, 46, '2023-12-03 05:43:25', 39),
(185, 1000.00, 39, 47, '2023-12-03 05:43:34', 39),
(186, 1000.00, 39, 48, '2023-12-03 05:43:46', 39),
(187, 1000.00, 39, 49, '2023-12-03 05:43:54', 39),
(188, 500.00, 39, 50, '2023-12-03 05:44:02', 39),
(189, 1300.00, 41, 6, '2023-12-03 06:53:06', 16),
(191, 500.00, 41, 7, '2023-12-03 06:53:40', 16),
(192, 1100.00, 41, 8, '2023-12-03 06:53:48', 16),
(193, 650.00, 41, 9, '2023-12-03 06:53:58', 16),
(194, 3200.00, 41, 10, '2023-12-03 06:54:07', 16),
(195, 900.00, 41, 11, '2023-12-03 06:54:23', 16),
(196, 500.00, 41, 12, '2023-12-03 06:55:53', 16),
(197, 150.00, 41, 13, '2023-12-03 06:56:00', 16),
(198, 1100.00, 41, 14, '2023-12-03 06:56:10', 16),
(199, 1800.00, 41, 15, '2023-12-03 06:56:21', 16),
(200, 1000.00, 41, 19, '2023-12-03 06:56:29', 16),
(201, 1000.00, 41, 16, '2023-12-03 06:56:39', 16),
(202, 1000.00, 41, 17, '2023-12-03 06:56:47', 16),
(203, 500.00, 41, 18, '2023-12-03 06:56:55', 16),
(204, 100.00, 41, 14, '2023-12-03 06:59:23', 16),
(205, 200.00, 41, 14, '2023-12-03 06:59:32', 16),
(209, 200.00, 41, 14, '2023-12-03 07:29:30', 16),
(210, 1300.00, 42, 37, '2023-12-03 07:36:06', 39),
(211, 500.00, 42, 38, '2023-12-03 07:36:14', 39),
(212, 1100.00, 42, 39, '2023-12-03 07:36:23', 39),
(213, 650.00, 42, 40, '2023-12-03 07:36:37', 39),
(214, 3200.00, 42, 41, '2023-12-03 07:36:47', 39),
(215, 900.00, 42, 42, '2023-12-03 07:36:58', 39),
(216, 500.00, 42, 43, '2023-12-03 07:37:04', 39),
(217, 150.00, 42, 44, '2023-12-03 07:37:12', 39),
(218, 1100.00, 42, 45, '2023-12-03 07:37:22', 39),
(219, 1800.00, 42, 46, '2023-12-03 07:37:32', 39),
(220, 1000.00, 42, 47, '2023-12-03 07:37:39', 39),
(221, 1000.00, 42, 48, '2023-12-03 07:37:51', 39),
(222, 1000.00, 42, 49, '2023-12-03 07:37:59', 39),
(223, 500.00, 42, 50, '2023-12-03 07:38:10', 39),
(224, 270.00, 45, 6, '2023-12-03 13:21:09', 16),
(225, 6.00, 52, 2, '2024-01-03 14:23:01', 1);

-- --------------------------------------------------------

--
-- Table structure for table `expenses_categories`
--

CREATE TABLE `expenses_categories` (
  `id` int(11) NOT NULL,
  `name` varchar(255) NOT NULL,
  `priority_level_id` int(11) NOT NULL,
  `parent_id` int(11) NOT NULL,
  `created` timestamp NOT NULL DEFAULT current_timestamp(),
  `created_by` int(11) DEFAULT NULL
) ENGINE=InnoDB DEFAULT CHARSET=utf8mb4 COLLATE=utf8mb4_general_ci;

--
-- Dumping data for table `expenses_categories`
--

INSERT INTO `expenses_categories` (`id`, `name`, `priority_level_id`, `parent_id`, `created`, `created_by`) VALUES
(1, 'Transpo', 1, 1, '2023-10-29 11:13:17', 1),
(2, 'Bills', 2, 1, '2023-10-29 11:13:24', 1),
(3, 'Foods', 3, 1, '2023-10-29 11:13:31', 1),
(4, 'Transpo', 1, 3, '2023-10-29 11:47:57', 3),
(5, 'Groceries', 1, 1, '2023-11-08 03:46:01', 1),
(6, 'Bills', 1, 16, '2023-11-18 15:45:05', 16),
(7, 'Transportation', 1, 16, '2023-11-18 15:45:21', 16),
(8, 'Groceries', 1, 16, '2023-11-18 15:47:00', 16),
(10, 'Insurance', 1, 16, '2023-11-18 15:48:46', 16),
(11, 'Subscriptions', 2, 16, '2023-11-18 15:59:03', 16),
(12, 'Not Essential Groceries', 2, 16, '2023-11-18 15:59:44', 16),
(13, 'Going Out Money', 2, 16, '2023-11-18 16:00:56', 16),
(14, 'Debt', 3, 16, '2023-11-18 16:01:11', 16),
(15, 'Investment', 3, 16, '2023-11-18 16:01:26', 16),
(16, 'Repair', 2, 16, '2023-11-18 17:31:47', 16),
(17, 'Bills', 1, 18, '2023-11-19 07:19:34', 18),
(18, 'Transportation', 1, 18, '2023-11-19 07:19:46', 18),
(19, 'Allowance For School', 1, 18, '2023-11-19 07:19:59', 18),
(20, 'Groceries', 1, 18, '2023-11-19 07:20:13', 18),
(21, 'Subscriptions', 2, 18, '2023-11-19 07:20:42', 18),
(22, 'Not Essential Groceries', 2, 18, '2023-11-19 07:21:00', 18),
(23, 'Going Out Money', 2, 18, '2023-11-19 07:21:19', 18),
(24, 'Debt', 3, 18, '2023-11-19 07:21:30', 18),
(25, 'Investment', 3, 18, '2023-11-19 07:21:40', 18),
(26, 'Bills', 1, 26, '2023-11-19 08:27:54', 26),
(27, 'Subscriptions', 2, 26, '2023-11-19 08:28:46', 26),
(28, 'Debt', 3, 26, '2023-11-19 08:28:56', 26),
(29, 'Bills', 1, 27, '2023-11-26 09:20:49', 27),
(30, 'Bills', 1, 39, '2023-12-03 05:35:09', 39),
(31, 'Transportation', 1, 39, '2023-12-03 05:35:17', 39),
(32, 'Groceries', 1, 39, '2023-12-03 05:35:25', 39),
(33, 'Insurance', 1, 39, '2023-12-03 05:35:37', 39),
(34, 'Subscriptions', 2, 39, '2023-12-03 05:35:44', 39),
(35, 'Not Essential Groceries', 2, 39, '2023-12-03 05:35:52', 39),
(36, 'Going Out Money', 2, 39, '2023-12-03 05:36:03', 39),
(37, 'Repair', 2, 39, '2023-12-03 05:36:14', 39),
(38, 'Debt', 3, 39, '2023-12-03 05:36:23', 39),
(39, 'Investment', 3, 39, '2023-12-03 05:36:31', 39);

-- --------------------------------------------------------

--
-- Table structure for table `expenses_name`
--

CREATE TABLE `expenses_name` (
  `id` int(11) NOT NULL,
  `name` varchar(255) NOT NULL,
  `expenses_category_id` int(11) NOT NULL,
  `created` timestamp NOT NULL DEFAULT current_timestamp(),
  `created_by` int(11) DEFAULT NULL
) ENGINE=InnoDB DEFAULT CHARSET=utf8mb4 COLLATE=utf8mb4_general_ci;

--
-- Dumping data for table `expenses_name`
--

INSERT INTO `expenses_name` (`id`, `name`, `expenses_category_id`, `created`, `created_by`) VALUES
(1, 'rice', 3, '2023-10-29 11:13:41', 1),
(2, 'house to moa', 1, '2023-10-29 11:13:49', 1),
(3, 'Electric Bill', 2, '2023-10-29 11:13:56', 1),
(4, 'house to moa', 4, '2023-10-29 13:01:40', 3),
(5, 'house cavite', 1, '2023-11-18 08:01:24', 1),
(6, 'Electric Bill', 6, '2023-11-18 15:49:01', 16),
(7, 'Water Bill', 6, '2023-11-18 15:49:14', 16),
(8, 'Internet Bill', 6, '2023-11-18 15:50:25', 16),
(9, 'Transpo', 7, '2023-11-18 15:50:47', 16),
(10, 'Grocery', 8, '2023-11-18 15:51:17', 16),
(11, 'St. Peter', 10, '2023-11-18 15:51:53', 16),
(12, 'Netflix', 11, '2023-11-18 16:01:59', 16),
(13, 'Spotify', 11, '2023-11-18 16:02:11', 16),
(14, 'Not essential grocery', 12, '2023-11-18 16:02:56', 16),
(15, 'Lifestyle Spending', 13, '2023-11-18 16:03:23', 16),
(16, 'Debt 1', 14, '2023-11-18 16:03:42', 16),
(17, 'Jollibee Stocks', 15, '2023-11-18 16:03:58', 16),
(18, 'Crypto', 15, '2023-11-18 16:56:15', 16),
(19, 'Router Repair', 16, '2023-11-18 17:32:14', 16),
(20, 'Electric Bill', 17, '2023-11-19 07:21:51', 18),
(21, 'Water Bill', 17, '2023-11-19 07:22:00', 18),
(22, 'Internet Bill', 17, '2023-11-19 07:22:11', 18),
(23, 'Transpo', 18, '2023-11-19 07:22:21', 18),
(24, 'Kid 1', 19, '2023-11-19 07:22:33', 18),
(25, 'Kid 2', 19, '2023-11-19 07:22:40', 18),
(26, 'Grocery', 20, '2023-11-19 07:22:52', 18),
(27, 'Netflix', 21, '2023-11-19 07:23:03', 18),
(28, 'Spotify', 21, '2023-11-19 07:23:11', 18),
(29, 'Not essential grocery', 22, '2023-11-19 07:23:21', 18),
(30, 'Going Out', 23, '2023-11-19 07:23:45', 18),
(31, 'Debt 1', 24, '2023-11-19 07:23:57', 18),
(32, 'Jollibee Stocks', 25, '2023-11-19 07:24:13', 18),
(33, 'Electric Bill', 26, '2023-11-19 08:28:05', 26),
(34, 'Netflix', 27, '2023-11-19 08:29:30', 26),
(35, 'Debt 1', 28, '2023-11-19 08:29:43', 26),
(36, 'Electric Bill', 29, '2023-11-26 09:20:56', 27),
(37, 'Electric Bill', 30, '2023-12-03 05:36:39', 39),
(38, 'Water Bill', 30, '2023-12-03 05:36:47', 39),
(39, 'Internet Bill', 30, '2023-12-03 05:36:58', 39),
(40, 'Transpo', 31, '2023-12-03 05:37:05', 39),
(41, 'Grocery', 32, '2023-12-03 05:37:13', 39),
(42, 'St. Peter', 33, '2023-12-03 05:37:22', 39),
(43, 'Netflix', 34, '2023-12-03 05:37:33', 39),
(44, 'Spotify', 34, '2023-12-03 05:37:40', 39),
(45, 'Not essential grocery', 35, '2023-12-03 05:37:50', 39),
(46, 'Going Out', 36, '2023-12-03 05:38:08', 39),
(47, 'Router Repair', 37, '2023-12-03 05:38:18', 39),
(48, 'Debt 1', 38, '2023-12-03 05:38:25', 39),
(49, 'Jollibee Stocks', 39, '2023-12-03 05:38:37', 39),
(50, 'Crypto', 39, '2023-12-03 05:38:44', 39);

-- --------------------------------------------------------

--
-- Table structure for table `notifications`
--

CREATE TABLE `notifications` (
  `id` int(11) NOT NULL,
  `user_id` int(11) DEFAULT NULL,
  `sender_id` int(11) DEFAULT NULL,
  `account_type` int(11) DEFAULT NULL,
  `notification_type` varchar(255) DEFAULT NULL,
  `cycle_id` int(11) DEFAULT NULL,
  `savings` varchar(255) NOT NULL,
  `expenses_id` int(11) NOT NULL,
  `expenses_name_id` int(11) NOT NULL,
  `is_read` tinyint(1) DEFAULT 0,
  `created_at` varchar(255) DEFAULT NULL
) ENGINE=InnoDB DEFAULT CHARSET=utf8mb4 COLLATE=utf8mb4_general_ci;

--
-- Dumping data for table `notifications`
--

INSERT INTO `notifications` (`id`, `user_id`, `sender_id`, `account_type`, `notification_type`, `cycle_id`, `savings`, `expenses_id`, `expenses_name_id`, `is_read`, `created_at`) VALUES
(1, 1, 1, 1, 'overspent', 0, '', 1, 2, 1, '2023-11-02 10:08:31'),
(2, 5, 1, 3, 'overspent', 0, '', 1, 2, 0, '2023-11-02 10:08:31'),
(3, 6, 1, 3, 'overspent', 0, '', 1, 2, 0, '2023-11-02 10:08:31'),
(4, 8, 1, 3, 'overspent', 0, '', 1, 2, 0, '2023-11-02 10:08:31'),
(188, 1, 1, 1, 'savings', 1, '11.00', 0, 0, 1, '2023-11-02 18:20:07'),
(189, 5, 1, 3, 'savings', 1, '11.00', 0, 0, 0, '2023-11-02 18:20:07'),
(190, 6, 1, 3, 'savings', 1, '11.00', 0, 0, 0, '2023-11-02 18:20:07'),
(191, 8, 1, 3, 'savings', 1, '11.00', 0, 0, 0, '2023-11-02 18:20:07'),
(199, 1, 1, 1, 'overspent', 0, '', 2, 2, 1, '2023-11-08 02:23:14'),
(200, 5, 1, 3, 'overspent', 0, '', 2, 2, 0, '2023-11-08 02:23:14'),
(201, 6, 1, 3, 'overspent', 0, '', 2, 2, 0, '2023-11-08 02:23:14'),
(202, 8, 1, 3, 'overspent', 0, '', 2, 2, 0, '2023-11-08 02:23:14'),
(213, 1, 1, 1, 'overspent', 0, '', 3, 2, 1, '2023-11-08 02:26:57'),
(214, 5, 1, 3, 'overspent', 0, '', 3, 2, 0, '2023-11-08 02:26:57'),
(215, 6, 1, 3, 'overspent', 0, '', 3, 2, 0, '2023-11-08 02:26:57'),
(216, 8, 1, 3, 'overspent', 0, '', 3, 2, 0, '2023-11-08 02:26:57'),
(227, 1, 1, 1, 'overspent', 0, '', 4, 2, 1, '2023-11-08 02:55:17'),
(228, 5, 1, 3, 'overspent', 0, '', 4, 2, 0, '2023-11-08 02:55:17'),
(229, 6, 1, 3, 'overspent', 0, '', 4, 2, 0, '2023-11-08 02:55:17'),
(230, 8, 1, 3, 'overspent', 0, '', 4, 2, 0, '2023-11-08 02:55:17'),
(241, 1, 1, 1, 'overspent', 0, '', 5, 2, 1, '2023-11-08 02:57:45'),
(242, 5, 1, 3, 'overspent', 0, '', 5, 2, 0, '2023-11-08 02:57:45'),
(243, 6, 1, 3, 'overspent', 0, '', 5, 2, 0, '2023-11-08 02:57:45'),
(244, 8, 1, 3, 'overspent', 0, '', 5, 2, 0, '2023-11-08 02:57:45'),
(255, 1, 1, 1, 'cycle_overspent', 3, '-1.00', 0, 0, 1, '2023-11-08 03:03:04'),
(256, 5, 1, 3, 'cycle_overspent', 3, '-1.00', 0, 0, 0, '2023-11-08 03:03:04'),
(257, 6, 1, 3, 'cycle_overspent', 3, '-1.00', 0, 0, 0, '2023-11-08 03:03:04'),
(258, 8, 1, 3, 'cycle_overspent', 3, '-1.00', 0, 0, 0, '2023-11-08 03:03:04'),
(259, 1, 1, 1, 'no_overspend', 7, '0.00', 0, 0, 1, '2023-11-11 12:21:51'),
(260, 5, 1, 3, 'no_overspend', 7, '0.00', 0, 0, 1, '2023-11-11 12:21:51'),
(261, 6, 1, 3, 'no_overspend', 7, '0.00', 0, 0, 0, '2023-11-11 12:21:51'),
(262, 8, 1, 3, 'no_overspend', 7, '0.00', 0, 0, 0, '2023-11-11 12:21:51'),
(266, 1, 1, 1, 'no_overspend', 8, '0.00', 0, 0, 1, '2023-11-11 12:45:33'),
(267, 5, 1, 3, 'no_overspend', 8, '0.00', 0, 0, 1, '2023-11-11 12:45:33'),
(268, 6, 1, 3, 'no_overspend', 8, '0.00', 0, 0, 0, '2023-11-11 12:45:33'),
(269, 8, 1, 3, 'no_overspend', 8, '0.00', 0, 0, 0, '2023-11-11 12:45:33'),
(273, 1, 1, 1, 'no_overspend', 9, '0.00', 0, 0, 1, '2023-11-11 12:48:05'),
(274, 5, 1, 3, 'no_overspend', 9, '0.00', 0, 0, 1, '2023-11-11 12:48:05'),
(275, 6, 1, 3, 'no_overspend', 9, '0.00', 0, 0, 0, '2023-11-11 12:48:05'),
(276, 8, 1, 3, 'no_overspend', 9, '0.00', 0, 0, 0, '2023-11-11 12:48:05'),
(277, 1, 1, 1, 'savings', 10, '14.80', 0, 0, 1, '2023-11-18 06:32:18'),
(278, 5, 1, 3, 'savings', 10, '14.80', 0, 0, 0, '2023-11-18 06:32:18'),
(279, 6, 1, 3, 'savings', 10, '14.80', 0, 0, 0, '2023-11-18 06:32:18'),
(280, 8, 1, 3, 'savings', 10, '14.80', 0, 0, 0, '2023-11-18 06:32:18'),
(284, 1, 1, 1, 'savings', 11, '10.00', 0, 0, 1, '2023-11-18 06:33:52'),
(285, 5, 1, 3, 'savings', 11, '10.00', 0, 0, 0, '2023-11-18 06:33:52'),
(286, 6, 1, 3, 'savings', 11, '10.00', 0, 0, 0, '2023-11-18 06:33:52'),
(287, 8, 1, 3, 'savings', 11, '10.00', 0, 0, 0, '2023-11-18 06:33:52'),
(291, 1, 1, 1, 'savings', 12, '750.00', 0, 0, 1, '2023-11-18 08:07:54'),
(292, 5, 1, 3, 'savings', 12, '750.00', 0, 0, 0, '2023-11-18 08:07:54'),
(293, 6, 1, 3, 'savings', 12, '750.00', 0, 0, 0, '2023-11-18 08:07:54'),
(294, 8, 1, 3, 'savings', 12, '750.00', 0, 0, 0, '2023-11-18 08:07:54'),
(298, 1, 1, 1, 'savings', 13, '700.00', 0, 0, 0, '2023-11-18 08:55:09'),
(299, 5, 1, 3, 'savings', 13, '700.00', 0, 0, 0, '2023-11-18 08:55:09'),
(300, 6, 1, 3, 'savings', 13, '700.00', 0, 0, 0, '2023-11-18 08:55:09'),
(301, 8, 1, 3, 'savings', 13, '700.00', 0, 0, 0, '2023-11-18 08:55:09'),
(302, 16, 16, 2, 'overspent', 0, '', 34, 10, 0, '2023-11-18 17:04:04'),
(303, 16, 16, 2, 'overspent', 0, '', 39, 15, 0, '2023-11-18 17:06:15'),
(304, 16, 16, 2, 'overspent', 0, '', 42, 18, 0, '2023-11-18 17:07:08'),
(305, 16, 16, 2, 'overspent', 0, '', 45, 8, 0, '2023-11-18 17:28:55'),
(306, 16, 16, 2, 'overspent', 0, '', 47, 10, 0, '2023-11-18 17:29:25'),
(307, 16, 16, 2, 'overspent', 0, '', 51, 14, 0, '2023-11-18 17:30:45'),
(308, 16, 16, 2, 'overspent', 0, '', 52, 15, 0, '2023-11-18 17:31:06'),
(309, 16, 16, 2, 'overspent', 0, '', 53, 19, 0, '2023-11-18 17:34:53'),
(310, 16, 16, 2, 'overspent', 0, '', 56, 18, 0, '2023-11-18 17:35:22'),
(311, 16, 16, 2, 'overspent', 0, '', 59, 8, 0, '2023-11-18 17:41:50'),
(312, 16, 16, 2, 'overspent', 0, '', 60, 9, 0, '2023-11-18 17:42:04'),
(313, 16, 16, 2, 'overspent', 0, '', 61, 10, 0, '2023-11-18 17:42:22'),
(314, 16, 16, 2, 'overspent', 0, '', 69, 18, 0, '2023-11-18 17:44:11'),
(315, 16, 16, 2, 'savings', 14, '2224.00', 0, 0, 0, '2023-11-19 06:10:50'),
(316, 16, 16, 2, 'cycle_overspent', 15, '-26.00', 0, 0, 0, '2023-11-19 06:16:27'),
(317, 16, 16, 2, 'cycle_overspent', 16, '-1350.00', 0, 0, 0, '2023-11-19 06:17:28'),
(318, 16, 16, 2, 'savings', 17, '1400.00', 0, 0, 0, '2023-11-19 06:28:34'),
(319, 16, 16, 2, 'savings', 18, '50.00', 0, 0, 0, '2023-11-19 06:28:35'),
(320, 17, 17, 1, '', 19, '', 0, 0, 1, '2023-11-19 06:28:37'),
(321, 18, 18, 1, 'overspent', 0, '', 71, 20, 0, '2023-11-19 07:25:04'),
(322, 19, 18, 3, 'overspent', 0, '', 71, 20, 0, '2023-11-19 07:25:04'),
(323, 20, 18, 3, 'overspent', 0, '', 71, 20, 0, '2023-11-19 07:25:04'),
(324, 18, 18, 1, 'overspent', 0, '', 72, 21, 0, '2023-11-19 07:25:12'),
(325, 19, 18, 3, 'overspent', 0, '', 72, 21, 0, '2023-11-19 07:25:12'),
(326, 20, 18, 3, 'overspent', 0, '', 72, 21, 0, '2023-11-19 07:25:12'),
(327, 18, 19, 1, 'overspent', 0, '', 83, 30, 0, '2023-11-19 07:34:04'),
(328, 19, 19, 3, 'overspent', 0, '', 83, 30, 0, '2023-11-19 07:34:04'),
(329, 20, 19, 3, 'overspent', 0, '', 83, 30, 0, '2023-11-19 07:34:04'),
(330, 18, 18, 1, 'overspent', 0, '', 89, 25, 0, '2023-11-19 07:41:37'),
(331, 19, 18, 3, 'overspent', 0, '', 89, 25, 0, '2023-11-19 07:41:37'),
(332, 20, 18, 3, 'overspent', 0, '', 89, 25, 0, '2023-11-19 07:41:37'),
(333, 18, 18, 1, 'overspent', 0, '', 90, 26, 0, '2023-11-19 07:41:51'),
(334, 19, 18, 3, 'overspent', 0, '', 90, 26, 0, '2023-11-19 07:41:51'),
(335, 20, 18, 3, 'overspent', 0, '', 90, 26, 0, '2023-11-19 07:41:51'),
(336, 18, 20, 1, 'overspent', 0, '', 94, 30, 0, '2023-11-19 07:44:47'),
(337, 19, 20, 3, 'overspent', 0, '', 94, 30, 0, '2023-11-19 07:44:47'),
(338, 20, 20, 3, 'overspent', 0, '', 94, 30, 0, '2023-11-19 07:44:47'),
(339, 18, 18, 1, 'savings', 20, '2320.00', 0, 0, 0, '2023-11-19 07:47:26'),
(340, 19, 18, 3, 'savings', 20, '2320.00', 0, 0, 0, '2023-11-19 07:47:26'),
(341, 20, 18, 3, 'savings', 20, '2320.00', 0, 0, 0, '2023-11-19 07:47:26'),
(342, 18, 18, 1, 'savings', 21, '2860.00', 0, 0, 0, '2023-11-19 07:47:29'),
(343, 19, 18, 3, 'savings', 21, '2860.00', 0, 0, 0, '2023-11-19 07:47:29'),
(344, 20, 18, 3, 'savings', 21, '2860.00', 0, 0, 0, '2023-11-19 07:47:29'),
(345, 18, 18, 1, 'savings', 22, '3710.00', 0, 0, 0, '2023-11-19 08:01:05'),
(346, 19, 18, 3, 'savings', 22, '3710.00', 0, 0, 0, '2023-11-19 08:01:05'),
(347, 20, 18, 3, 'savings', 22, '3710.00', 0, 0, 0, '2023-11-19 08:01:05'),
(348, 18, 18, 1, 'savings', 23, '160.00', 0, 0, 0, '2023-11-19 08:09:47'),
(349, 19, 18, 3, 'savings', 23, '160.00', 0, 0, 0, '2023-11-19 08:09:47'),
(350, 20, 18, 3, 'savings', 23, '160.00', 0, 0, 0, '2023-11-19 08:09:47'),
(351, 26, 26, 2, 'overspent', 0, '', 127, 35, 0, '2023-11-19 08:29:57'),
(352, 26, 26, 2, 'savings', 26, '4.00', 0, 0, 0, '2023-11-19 08:30:49'),
(353, 26, 26, 2, 'savings', 27, '47.00', 0, 0, 0, '2023-11-19 08:33:26'),
(354, 26, 26, 2, 'overspent', 0, '', 131, 33, 0, '2023-11-19 08:34:30'),
(355, 26, 26, 2, 'savings', 28, '34.00', 0, 0, 0, '2023-11-19 08:35:04'),
(356, 26, 26, 2, 'overspent', 0, '', 134, 33, 0, '2023-11-19 08:36:22'),
(357, 26, 26, 2, 'overspent', 0, '', 135, 34, 0, '2023-11-19 08:36:31'),
(358, 26, 26, 2, 'overspent', 0, '', 136, 35, 0, '2023-11-19 08:36:40'),
(359, 26, 26, 2, 'cycle_overspent', 29, '-30.00', 0, 0, 0, '2023-11-19 08:37:07'),
(360, 16, 16, 2, 'overspent', 0, '', 139, 8, 0, '2023-11-22 08:30:58'),
(361, 16, 16, 2, 'overspent', 0, '', 140, 9, 0, '2023-11-22 08:39:55'),
(362, 16, 16, 2, 'overspent', 0, '', 141, 10, 0, '2023-11-22 08:40:18'),
(363, 16, 16, 2, 'overspent', 0, '', 149, 18, 0, '2023-11-22 08:42:26'),
(364, 16, 16, 2, 'overspent', 0, '', 150, 10, 0, '2023-11-22 08:43:59'),
(365, 16, 16, 2, 'overspent', 0, '', 151, 15, 0, '2023-11-22 08:44:41'),
(366, 16, 16, 2, 'overspent', 0, '', 152, 16, 0, '2023-11-22 08:45:11'),
(367, 16, 16, 2, 'overspent', 0, '', 153, 10, 0, '2023-11-22 08:45:59'),
(368, 18, 18, 1, 'overspent', 0, '', 157, 23, 0, '2023-11-24 04:04:20'),
(369, 19, 18, 3, 'overspent', 0, '', 157, 23, 0, '2023-11-24 04:04:20'),
(370, 20, 18, 3, 'overspent', 0, '', 157, 23, 0, '2023-11-24 04:04:20'),
(371, 18, 18, 1, 'overspent', 0, '', 163, 29, 0, '2023-11-24 04:05:42'),
(372, 19, 18, 3, 'overspent', 0, '', 163, 29, 0, '2023-11-24 04:05:42'),
(373, 20, 18, 3, 'overspent', 0, '', 163, 29, 0, '2023-11-24 04:05:42'),
(374, 18, 18, 1, 'overspent', 0, '', 164, 30, 0, '2023-11-24 04:05:57'),
(375, 19, 18, 3, 'overspent', 0, '', 164, 30, 0, '2023-11-24 04:05:57'),
(376, 20, 18, 3, 'overspent', 0, '', 164, 30, 0, '2023-11-24 04:05:57'),
(377, 18, 18, 1, 'cycle_overspent', 33, '-1040.00', 0, 0, 0, '2023-11-24 04:09:42'),
(378, 19, 18, 3, 'cycle_overspent', 33, '-1040.00', 0, 0, 0, '2023-11-24 04:09:42'),
(379, 20, 18, 3, 'cycle_overspent', 33, '-1040.00', 0, 0, 0, '2023-11-24 04:09:42'),
(380, 27, 27, 2, 'overspent', 0, '', 168, 36, 0, '2023-11-26 09:33:37'),
(381, 27, 27, 2, 'savings', 34, '90.00', 0, 0, 0, '2023-11-26 09:56:00'),
(382, 16, 16, 2, 'overspent', 0, '', 169, 10, 0, '2023-11-27 05:42:07'),
(383, 16, 16, 2, 'overspent', 0, '', 170, 9, 0, '2023-11-27 05:42:24'),
(391, 16, 16, 2, 'cycle_overspent', 32, '-1700.00', 0, 0, 0, '2023-11-27 14:45:02'),
(409, 18, 18, 1, 'savings', 37, '4.00', 0, 0, 0, '2023-12-03 14:33:01'),
(410, 19, 18, 3, 'savings', 37, '4.00', 0, 0, 0, '2023-12-03 14:33:01'),
(411, 20, 18, 3, 'savings', 37, '4.00', 0, 0, 0, '2023-12-03 14:33:01'),
(416, 16, 16, 2, 'overspent', 0, '', 205, 14, 0, '2023-12-03 15:29:30'),
(417, 16, 16, 2, 'savings', 41, '300.00', 0, 0, 0, '2023-12-03 15:32:01'),
(418, 39, 39, 2, 'overspent', 0, '', 212, 39, 0, '2023-12-03 15:36:23'),
(419, 39, 39, 2, 'overspent', 0, '', 223, 50, 0, '2023-12-03 15:38:10'),
(426, 16, 16, 2, 'overspent', 0, '', 224, 6, 0, '2023-12-03 21:21:09'),
(427, 39, 39, 2, 'savings', 42, '300.00', 0, 0, 0, '2023-12-04 00:00:01'),
(439, 1, 1, 1, 'overspent', 0, '', 225, 2, 0, '2024-01-03 22:23:01'),
(440, 5, 1, 3, 'overspent', 0, '', 225, 2, 0, '2024-01-03 22:23:01'),
(441, 6, 1, 3, 'overspent', 0, '', 225, 2, 0, '2024-01-03 22:23:01'),
(442, 8, 1, 3, 'overspent', 0, '', 225, 2, 0, '2024-01-03 22:23:01'),
(453, 1, 1, 1, 'savings', 52, '4.00', 0, 0, 0, '2024-01-03 22:25:04'),
(454, 5, 1, 3, 'savings', 52, '4.00', 0, 0, 0, '2024-01-03 22:25:04'),
(455, 6, 1, 3, 'savings', 52, '4.00', 0, 0, 0, '2024-01-03 22:25:04'),
(456, 8, 1, 3, 'savings', 52, '4.00', 0, 0, 0, '2024-01-03 22:25:04'),
(481, 18, 18, 1, '', 46, '', 0, 0, 0, '2024-01-03 22:34:04'),
(482, 19, 18, 3, '', 46, '', 0, 0, 0, '2024-01-03 22:34:04'),
(483, 20, 18, 3, '', 46, '', 0, 0, 0, '2024-01-03 22:34:04');

-- --------------------------------------------------------

--
-- Table structure for table `priority_level`
--

CREATE TABLE `priority_level` (
  `id` int(11) NOT NULL,
  `name` varchar(255) NOT NULL
) ENGINE=InnoDB DEFAULT CHARSET=utf8mb4 COLLATE=utf8mb4_general_ci;

--
-- Dumping data for table `priority_level`
--

INSERT INTO `priority_level` (`id`, `name`) VALUES
(1, 'High Priority'),
(2, 'Medium Priority'),
(3, 'Low Priority');

-- --------------------------------------------------------

--
-- Table structure for table `savings`
--

CREATE TABLE `savings` (
  `id` int(11) NOT NULL,
  `amount` decimal(10,2) NOT NULL DEFAULT 0.00,
  `archived` bit(1) NOT NULL DEFAULT b'0',
  `created` timestamp NOT NULL DEFAULT current_timestamp(),
  `created_by` int(11) NOT NULL DEFAULT 0,
  `cycle_id` int(11) DEFAULT 0,
  `action` varchar(255) NOT NULL DEFAULT 'ADD',
  `remarks` varchar(255) DEFAULT 'Savings has been added'
) ENGINE=InnoDB DEFAULT CHARSET=utf8mb4 COLLATE=utf8mb4_general_ci;

--
-- Dumping data for table `savings`
--

INSERT INTO `savings` (`id`, `amount`, `archived`, `created`, `created_by`, `cycle_id`, `action`, `remarks`) VALUES
(1, 100.00, b'0', '2023-11-27 05:30:05', 16, 32, 'ADJUST', 'Savings has been moved to buget'),
(2, 1000.00, b'0', '2023-11-27 05:30:44', 16, 32, 'ADJUST', 'Savings has been moved to buget'),
(3, 500.00, b'0', '2023-11-27 05:33:21', 16, 32, 'ADJUST', 'Savings has been moved to buget'),
(4, 1041.00, b'0', '2023-11-27 06:26:14', 18, 33, 'ADJUST', 'Savings has been moved to buget'),
(5, 41.00, b'0', '2023-11-28 03:40:22', 18, 33, 'ADD', 'Savings has been added'),
(6, 50.00, b'0', '2023-11-28 03:40:29', 18, 33, 'ADD', 'Savings has been added'),
(7, 100.00, b'0', '2023-11-28 03:40:40', 18, 33, 'ADD', 'Savings has been added'),
(8, 191.00, b'0', '2023-11-28 03:41:05', 18, 33, 'ADJUST', 'Savings has been moved to buget'),
(9, 1.00, b'0', '2023-11-28 04:01:10', 18, 33, 'ADJUST', 'Savings has been moved to buget'),
(10, 484.00, b'0', '2023-11-28 04:08:08', 1, 36, 'ADJUST', 'Savings has been moved to buget'),
(11, 4.00, b'0', '2023-11-28 04:09:01', 1, 36, 'ADD', 'Savings has been added'),
(12, 4.00, b'0', '2023-11-28 04:09:15', 1, 36, 'ADJUST', 'Savings has been moved to buget'),
(17, 1.00, b'0', '2023-11-28 10:07:37', 5, 36, 'ADD', 'Savings has been added'),
(18, 1.00, b'0', '2023-11-28 10:20:56', 1, 36, 'ADD', 'Savings has been added'),
(19, 1.00, b'0', '2023-11-28 10:21:23', 5, 36, 'ADD', 'Savings has been added'),
(20, 1.00, b'0', '2023-12-01 16:36:58', 18, 37, 'ADJUST', 'Savings has been moved to buget'),
(21, 1.30, b'0', '2023-12-01 16:37:14', 18, 37, 'ADJUST', 'Savings has been moved to buget'),
(22, 1000.00, b'0', '2023-12-03 12:37:37', 18, 43, 'ADJUST', 'Savings has been moved to buget'),
(23, 48.00, b'0', '2023-12-05 11:11:59', 16, 47, 'ADJUST', 'Savings has been moved to buget'),
(24, 1.00, b'0', '2024-01-03 14:15:40', 1, 52, 'ADJUST', 'Savings has been moved to buget');

-- --------------------------------------------------------

--
-- Table structure for table `suggestion_settings`
--

CREATE TABLE `suggestion_settings` (
  `id` int(11) NOT NULL,
  `user_id` int(11) NOT NULL,
  `is_customized` tinyint(1) NOT NULL,
  `num_of_cycle` varchar(255) DEFAULT NULL
) ENGINE=InnoDB DEFAULT CHARSET=utf8mb4 COLLATE=utf8mb4_general_ci;

--
-- Dumping data for table `suggestion_settings`
--

INSERT INTO `suggestion_settings` (`id`, `user_id`, `is_customized`, `num_of_cycle`) VALUES
(1, 1, 1, '8'),
(7, 16, 1, '4'),
(8, 18, 1, '4'),
(9, 27, 0, NULL),
(10, 0, 0, NULL),
(11, 3, 0, '3'),
(12, 39, 0, NULL);

-- --------------------------------------------------------

--
-- Table structure for table `users`
--

CREATE TABLE `users` (
  `id` int(11) NOT NULL,
  `firstname` varchar(255) NOT NULL,
  `lastname` varchar(255) NOT NULL,
  `email` varchar(255) NOT NULL,
  `username` varchar(255) NOT NULL,
  `password` varchar(255) NOT NULL,
  `image` varchar(255) DEFAULT NULL,
  `mobile` varchar(20) DEFAULT NULL,
  `parent_id` int(11) NOT NULL DEFAULT 0,
  `is_verified` bit(1) NOT NULL DEFAULT b'0',
  `verification_link` varchar(255) DEFAULT NULL,
  `change_password_link` varchar(255) DEFAULT NULL,
  `account_type` int(11) NOT NULL,
  `created` timestamp NOT NULL DEFAULT current_timestamp(),
  `created_by` int(11) DEFAULT NULL,
  `archived` bit(1) NOT NULL DEFAULT b'0',
  `is_new` tinyint(1) NOT NULL DEFAULT 1
) ENGINE=InnoDB DEFAULT CHARSET=utf8mb4 COLLATE=utf8mb4_general_ci;

--
-- Dumping data for table `users`
--

INSERT INTO `users` (`id`, `firstname`, `lastname`, `email`, `username`, `password`, `image`, `mobile`, `parent_id`, `is_verified`, `verification_link`, `change_password_link`, `account_type`, `created`, `created_by`, `archived`, `is_new`) VALUES
(1, 'homeowner', 'homeowner', 'personal2@gmail.com', 'household', 'qweqwe', NULL, '123123', 0, b'1', NULL, NULL, 1, '2023-10-21 14:39:44', NULL, b'0', 0),
(3, 'personal', 'personal', 'personal@gmail.com', 'personal', 'qweqwe', NULL, '123123123', 0, b'1', NULL, NULL, 2, '2023-10-16 09:57:10', NULL, b'0', 0),
(5, 'member', 'member', 'member@gmail.com', 'member', 'qweqwe', NULL, '123123', 1, b'1', NULL, NULL, 3, '2023-10-28 18:54:13', NULL, b'0', 1),
(6, 'member2', 'member', 'member2@gmail.com', 'member2', 'qweqwe', NULL, '123', 1, b'1', NULL, NULL, 3, '2023-10-29 10:25:33', NULL, b'0', 1),
(8, 'member3', 'member3', 'member3@gmail.com', 'member3', 'qweqwe', NULL, '123', 1, b'1', NULL, NULL, 3, '2023-10-29 05:17:48', NULL, b'0', 1),
(16, 'Person', 'Uno', 'martinezeubert123@gmail.com', 'personaldummy', '123456', NULL, '09876543210', 0, b'1', NULL, NULL, 2, '2023-11-18 15:40:38', NULL, b'0', 1),
(17, 'house', 'hold', 'householdmain@gmail.com', 'householdmain', '123456', NULL, '1', 0, b'1', NULL, NULL, 1, '2023-11-19 06:04:39', NULL, b'0', 1),
(18, 'Household', 'Master', 'householdmaster@gmail.com', 'householdDummy', '123456', NULL, '09876543210', 0, b'1', NULL, NULL, 1, '2023-11-19 07:13:57', NULL, b'0', 1),
(19, 'household', 'Uno', 'HHMD1@gmail.com', 'householdMemberdummy1', '123456', NULL, '09876543210', 18, b'1', NULL, NULL, 3, '2023-11-19 07:15:58', NULL, b'0', 1),
(20, 'houseHold', 'Dos', 'HHMD2@gmail.com', 'householdMemberdummy2', '123456', NULL, '09876543210', 18, b'1', NULL, NULL, 3, '2023-11-19 07:16:23', NULL, b'0', 1),
(26, 'trial', 'personal', 'trialpersonal@gmail.com', 'trialpersonal', '123456', NULL, '12345678988', 0, b'1', NULL, NULL, 2, '2023-11-19 08:27:02', NULL, b'0', 1),
(27, 'personaltrial', 'trial', 'personaltrial@gmail.com', 'personaltrial', '123456', NULL, '12345678977', 0, b'1', NULL, NULL, 2, '2023-11-26 09:19:59', NULL, b'0', 1),
(28, 'ski', 'mart', 'martski@gmail.com', 'skimart', '123456', NULL, '12345678977', 0, b'1', NULL, NULL, 2, '2023-11-26 11:06:10', NULL, b'0', 1),
(29, 'HH', 'ruthy', 'rosalesruthy@gmail.com', 'hh_ruthy', 'hh_ruthy', NULL, '09494858604', 0, b'0', NULL, NULL, 1, '2023-11-27 06:12:56', NULL, b'0', 1),
(30, 'ski', 'try', 'martinezeubert@gmail.com', 'skitry', '123456789', NULL, '12345678988', 0, b'1', NULL, NULL, 2, '2023-11-27 08:55:14', NULL, b'0', 1),
(38, 'rafael', 'aquino', 'rafael.aquino.18624@gmail.com', 'chrysippus2497', 'qweqwe123', NULL, '123123', 0, b'1', NULL, NULL, 2, '2023-11-27 10:17:04', NULL, b'0', 1),
(39, 'Eubert', 'Lovieski', 'eubertlovieski@gmail.com', 'EubertLovieskiPersonal', '123456', NULL, '09958277925', 0, b'1', NULL, NULL, 2, '2023-12-03 05:33:39', NULL, b'0', 1);

--
-- Indexes for dumped tables
--

--
-- Indexes for table `account_type`
--
ALTER TABLE `account_type`
  ADD PRIMARY KEY (`id`),
  ADD UNIQUE KEY `name` (`name`);

--
-- Indexes for table `activity_logs`
--
ALTER TABLE `activity_logs`
  ADD PRIMARY KEY (`id`);

--
-- Indexes for table `budgets`
--
ALTER TABLE `budgets`
  ADD PRIMARY KEY (`id`);

--
-- Indexes for table `budget_limit`
--
ALTER TABLE `budget_limit`
  ADD PRIMARY KEY (`id`);

--
-- Indexes for table `cycle`
--
ALTER TABLE `cycle`
  ADD PRIMARY KEY (`id`);

--
-- Indexes for table `expenses`
--
ALTER TABLE `expenses`
  ADD PRIMARY KEY (`id`);

--
-- Indexes for table `expenses_categories`
--
ALTER TABLE `expenses_categories`
  ADD PRIMARY KEY (`id`);

--
-- Indexes for table `expenses_name`
--
ALTER TABLE `expenses_name`
  ADD PRIMARY KEY (`id`);

--
-- Indexes for table `notifications`
--
ALTER TABLE `notifications`
  ADD PRIMARY KEY (`id`);

--
-- Indexes for table `priority_level`
--
ALTER TABLE `priority_level`
  ADD PRIMARY KEY (`id`);

--
-- Indexes for table `savings`
--
ALTER TABLE `savings`
  ADD PRIMARY KEY (`id`);

--
-- Indexes for table `suggestion_settings`
--
ALTER TABLE `suggestion_settings`
  ADD PRIMARY KEY (`id`);

--
-- Indexes for table `users`
--
ALTER TABLE `users`
  ADD PRIMARY KEY (`id`);

--
-- AUTO_INCREMENT for dumped tables
--

--
-- AUTO_INCREMENT for table `account_type`
--
ALTER TABLE `account_type`
  MODIFY `id` int(11) NOT NULL AUTO_INCREMENT, AUTO_INCREMENT=4;

--
-- AUTO_INCREMENT for table `activity_logs`
--
ALTER TABLE `activity_logs`
  MODIFY `id` int(11) NOT NULL AUTO_INCREMENT, AUTO_INCREMENT=109;

--
-- AUTO_INCREMENT for table `budgets`
--
ALTER TABLE `budgets`
  MODIFY `id` int(11) NOT NULL AUTO_INCREMENT, AUTO_INCREMENT=55;

--
-- AUTO_INCREMENT for table `budget_limit`
--
ALTER TABLE `budget_limit`
  MODIFY `id` int(11) NOT NULL AUTO_INCREMENT, AUTO_INCREMENT=167;

--
-- AUTO_INCREMENT for table `cycle`
--
ALTER TABLE `cycle`
  MODIFY `id` int(11) NOT NULL AUTO_INCREMENT, AUTO_INCREMENT=53;

--
-- AUTO_INCREMENT for table `expenses`
--
ALTER TABLE `expenses`
  MODIFY `id` int(11) NOT NULL AUTO_INCREMENT, AUTO_INCREMENT=226;

--
-- AUTO_INCREMENT for table `expenses_categories`
--
ALTER TABLE `expenses_categories`
  MODIFY `id` int(11) NOT NULL AUTO_INCREMENT, AUTO_INCREMENT=42;

--
-- AUTO_INCREMENT for table `expenses_name`
--
ALTER TABLE `expenses_name`
  MODIFY `id` int(11) NOT NULL AUTO_INCREMENT, AUTO_INCREMENT=51;

--
-- AUTO_INCREMENT for table `notifications`
--
ALTER TABLE `notifications`
  MODIFY `id` int(11) NOT NULL AUTO_INCREMENT, AUTO_INCREMENT=484;

--
-- AUTO_INCREMENT for table `priority_level`
--
ALTER TABLE `priority_level`
  MODIFY `id` int(11) NOT NULL AUTO_INCREMENT, AUTO_INCREMENT=4;

--
-- AUTO_INCREMENT for table `savings`
--
ALTER TABLE `savings`
  MODIFY `id` int(11) NOT NULL AUTO_INCREMENT, AUTO_INCREMENT=25;

--
-- AUTO_INCREMENT for table `suggestion_settings`
--
ALTER TABLE `suggestion_settings`
  MODIFY `id` int(11) NOT NULL AUTO_INCREMENT, AUTO_INCREMENT=13;

--
-- AUTO_INCREMENT for table `users`
--
ALTER TABLE `users`
  MODIFY `id` int(11) NOT NULL AUTO_INCREMENT, AUTO_INCREMENT=40;
COMMIT;

/*!40101 SET CHARACTER_SET_CLIENT=@OLD_CHARACTER_SET_CLIENT */;
/*!40101 SET CHARACTER_SET_RESULTS=@OLD_CHARACTER_SET_RESULTS */;
/*!40101 SET COLLATION_CONNECTION=@OLD_COLLATION_CONNECTION */;
